Workbook

Sheet Respondents (Table 1)
A1: Table 1
A2: Distribution of Research Respondents
A3: Respondent Category | B3: Frequency | C3: Percentage | D3: Recorded in Workbook | E3: Check
A4: IT Experts | B4: 5 | C4: =B4/$B$8 -> 0.14285714 | D4: =COUNTA('IT Experts'!C5:G5) -> 5 | E4: =IF(D4=B4,"OK","Check") -> OK
A5: TODA Officials (Super Admin/Admin) | B5: 3 | C5: =B5/$B$8 -> 0.085714286 | D5: =COUNTA('End-Users'!C5:AF5) -> 30 | E5: =IF(D5=SUM(B5:B7),"OK","Check") -> OK
A6: Official TODA Drivers | B6: 12 | C6: =B6/$B$8 -> 0.34285714
A7: Santa Rosa Homes Residents | B7: 15 | C7: =B7/$B$8 -> 0.42857143
A8: Total | B8: =SUM(B4:B7) -> 35 | C8: =SUM(C4:C7) -> 1 | D8: =D4+D5 -> 35 | E8: =IF(D8=B8,"OK","Check") -> OK
A9: Note. N = 35. Percentage = frequency ÷ total respondents. "Recorded in Workbook" counts the respondent columns in the IT Experts (R1–R5) and End-Users (R1–R30: TODA Officials, Drivers, and Residents) sheets and should match the frequencies above.

Sheet Scoring Rubrics
A1: Scoring Rubrics and Rating Scales — SRH LINK-TODA (from Chapter 2 and Appendix B)
A2: Weighted means in the APA Results sheets are interpreted with these ranges. Edit a remark here and every table that uses it updates automatically.
A4: Table 2. Scoring Rubric for Functional Suitability
A5: Lower limit of weighted mean | B5: Range | C5: Qualitative Remarks | D5: Verbal Description
A6: 4.21 | B6: 4.21 – 5.00 | C6: Highly Suitable | D6: The SRH LINK-TODA meets or exceeds all functional requirements with high accuracy, completeness, and efficiency.
A7: 3.41 | B7: 3.41 – 4.20 | C7: Suitable | D7: The SRH LINK-TODA meets most functional requirements with a satisfactory level of accuracy, completeness, and efficiency.
A8: 2.61 | B8: 2.61 – 3.40 | C8: Somewhat Suitable | D8: The SRH LINK-TODA meets some functional requirements but demonstrates low levels of accuracy, completeness, or efficiency.
A9: 1.81 | B9: 1.81 – 2.60 | C9: Unsuitable | D9: The SRH LINK-TODA meets very few functional requirements, with low accuracy, completeness, and efficiency.
A10: 1 | B10: 1.00 – 1.80 | C10: Highly Unsuitable | D10: The SRH LINK-TODA fails to meet most, if not all, functional requirements, with very low accuracy, completeness, and efficiency.
A12: Table 3. Scoring Rubric for Performance Efficiency
A13: Lower limit of weighted mean | B13: Range | C13: Qualitative Remarks | D13: Verbal Description
A14: 4.21 | B14: 4.21 – 5.00 | C14: Highly Efficient | D14: The SRH LINK-TODA’s performance is exceptional, meeting or exceeding all efficiency requirements. Users experience no delays or errors, and the system performs consistently well under all operating conditions.
A15: 3.41 | B15: 3.41 – 4.20 | C15: Efficient | D15: The SRH LINK-TODA’s performance is above average and meets most efficiency requirements. Users experience minimal delays or errors, and the system performs well under normal operating conditions.
A16: 2.61 | B16: 2.61 – 3.40 | C16: Less Efficient | D16: The SRH LINK-TODA’s performance is average, with room for improvement. Users may experience occasional delays or errors, but overall, the system functions adequately.
A17: 1.81 | B17: 1.81 – 2.60 | C17: Inefficient | D17: The SRH LINK-TODA’s performance is below average and fails to fully meet efficiency requirements. Users may experience delays or errors that affect productivity.
A18: 1 | B18: 1.00 – 1.80 | C18: Highly Inefficient | D18: The SRH LINK-TODA’s performance is significantly below expectations, frequently causing delays, errors, or failures that disrupt normal operation.
A20: Table 4. Scoring Rubric for Compatibility
A21: Lower limit of weighted mean | B21: Range | C21: Qualitative Remarks | D21: Verbal Description
A22: 4.21 | B22: 4.21 – 5.00 | C22: Highly Compatible | D22: The SRH LINK-TODA is fully compatible with other hardware or software and can seamlessly integrate without any issues or modifications.
A23: 3.41 | B23: 3.41 – 4.20 | C23: Compatible | D23: The SRH LINK-TODA can work with other hardware or software with minor adjustments or configurations.
A24: 2.61 | B24: 2.61 – 3.40 | C24: Somewhat Compatible | D24: The SRH LINK-TODA can work with other hardware or software, but requires significant adjustments or configurations.
A25: 1.81 | B25: 1.81 – 2.60 | C25: Less Compatible | D25: The SRH LINK-TODA struggles to integrate with other hardware or software and requires significant adjustments.
A26: 1 | B26: 1.00 – 1.80 | C26: Not Compatible | D26: The SRH LINK-TODA cannot work with other hardware or software and requires a complete redesign or replacement.
A28: Table 5. Scoring Rubric for Interaction Capability
A29: Lower limit of weighted mean | B29: Range | C29: Qualitative Remarks | D29: Verbal Description
A30: 4.21 | B30: 4.21 – 5.00 | C30: Highly Interactive | D30: Users can perform tasks intuitively and efficiently, with smooth system responses and clear, immediate feedback.
A31: 3.41 | B31: 3.41 – 4.20 | C31: Interactive | D31: Users can perform tasks with some guidance or minor delays; system feedback is generally adequate.
A32: 2.61 | B32: 2.61 – 3.40 | C32: Less Interactive | D32: Users face difficulties interacting with the system, with delays or unclear feedback reducing task efficiency.
A33: 1.81 | B33: 1.81 – 2.60 | C33: Poorly Interactive | D33: Users experience significant difficulties with delayed responses and confusing feedback.
A34: 1 | B34: 1.00 – 1.80 | C34: Non-Interactive | D34: Users cannot effectively interact with the system due to poor responsiveness, unclear instructions, or system errors.
A36: Table 6. Scoring Rubric for Reliability
A37: Lower limit of weighted mean | B37: Range | C37: Qualitative Remarks | D37: Verbal Description
A38: 4.21 | B38: 4.21 – 5.00 | C38: Highly Reliable | D38: The SRH LINK-TODA operates consistently without failures, delivering accurate, dependable outcomes under all conditions.
A39: 3.41 | B39: 3.41 – 4.20 | C39: Reliable | D39: The SRH LINK-TODA generally operates as expected, with only minor or occasional errors.
A40: 2.61 | B40: 2.61 – 3.40 | C40: Slightly Reliable | D40: The SRH LINK-TODA is prone to errors or interruptions, affecting performance and dependability.
A41: 1.81 | B41: 1.81 – 2.60 | C41: Unreliable | D41: The SRH LINK-TODA frequently experiences errors or interruptions, reducing overall dependability.
A42: 1 | B42: 1.00 – 1.80 | C42: Non-Reliable | D42: The SRH LINK-TODA frequently fails or produces inaccurate results, making it unreliable for its intended use.
A44: Table 7. Scoring Rubric for Security
A45: Lower limit of weighted mean | B45: Range | C45: Qualitative Remarks | D45: Verbal Description
A46: 4.21 | B46: 4.21 – 5.00 | C46: Strong Security | D46: The SRH LINK-TODA has multiple layers of security measures that provide comprehensive protection against unauthorized access, data breaches, and other threats. Security features are regularly updated and tested to ensure effectiveness.
A47: 3.41 | B47: 3.41 – 4.20 | C47: Adequate Security | D47: The SRH LINK-TODA has basic security measures that prevent the most common threats; however, some vulnerabilities may exist and require improvement.
A48: 2.61 | B48: 2.61 – 3.40 | C48: Weak Security | D48: The SRH LINK-TODA has significant security vulnerabilities, with gaps that may allow unauthorized access, data breaches, or other threats. Immediate improvements are needed.
A49: 1.81 | B49: 1.81 – 2.60 | C49: Very Weak Security | D49: The SRH LINK-TODA’s security measures are largely ineffective, leaving it vulnerable to breaches or data loss.
A50: 1 | B50: 1.00 – 1.80 | C50: No Security | D50: The SRH LINK-TODA has no effective security measures and is highly vulnerable to breaches and data loss. Urgent action is required.
A52: Table 8. Scoring Rubric for Maintainability
A53: Lower limit of weighted mean | B53: Range | C53: Qualitative Remarks | D53: Verbal Description
A54: 4.21 | B54: 4.21 – 5.00 | C54: Highly Maintainable | D54: The SRH LINK-TODA's backend codebase and architecture are excellently structured, allowing developers to easily execute updates, troubleshoot logs, and fix bugs without disruption.
A55: 3.41 | B55: 3.41 – 4.20 | C55: Maintainable | D55: The system's codebase is well-structured, allowing developers to execute routine updates and minor bug fixes with acceptable effort.
A56: 2.61 | B56: 2.61 – 3.40 | C56: Less Maintainable | D56: The system requires significant developer effort to diagnose backend issues or implement minor code updates, occasionally disrupting operations.
A57: 1.81 | B57: 1.81 – 2.60 | C57: Hardly Maintainable | D57: The system codebase is difficult to update or fix, requiring extensive downtime and excessive developer intervention.
A58: 1 | B58: 1.00 – 1.80 | C58: Not Maintainable | D58: The system's architecture is completely rigid; attempting to fix bugs or update code causes critical system failures.
A60: Table 9. Scoring Rubric for Flexibility
A61: Lower limit of weighted mean | B61: Range | C61: Qualitative Remarks | D61: Verbal Description
A62: 4.21 | B62: 4.21 – 5.00 | C62: Highly Flexible | D62: The SRH LINK-TODA easily adapts to new TODA operational rules, expanded geofence limits, or additional user groups without requiring major architectural overhauls.
A63: 3.41 | B63: 3.41 – 4.20 | C63: Flexible | D63: The system can adapt to most moderate changes in TODA rules or operational scope with only minor administrative configurations.
A64: 2.61 | B64: 2.61 – 3.40 | C64: Less Flexible | D64: The system struggles to accommodate changes in transport rules, requiring some manual developer adjustments to adapt to the new environment.
A65: 1.81 | B65: 1.81 – 2.60 | C65: Hardly Flexible | D65: The system is highly rigid; any change in operational rules or geofence expansion requires significant software redevelopment.
A66: 1 | B66: 1.00 – 1.80 | C66: Not Flexible | D66: The system cannot adapt to any changes in the environment or user requirements, completely limiting its future scalability.
A68: Table 10. Scoring Rubric for Safety
A69: Lower limit of weighted mean | B69: Range | C69: Qualitative Remarks | D69: Verbal Description
A70: 4.21 | B70: 4.21 – 5.00 | C70: Highly Safe | D70: The SRH LINK-TODA effectively prevents hazards, protects users and data, and functions securely under all conditions.
A71: 3.41 | B71: 3.41 – 4.20 | C71: Safe | D71: The SRH LINK-TODA is generally safe, with only minor risks that do not significantly affect users or data.
A72: 2.61 | B72: 2.61 – 3.40 | C72: Slightly Unsafe | D72: The SRH LINK-TODA presents noticeable safety risks that may potentially affect users or data.
A73: 1.81 | B73: 1.81 – 2.60 | C73: Unsafe | D73: The SRH LINK-TODA exposes users or data to significant hazards or risks, affecting reliability and functionality.
A74: 1 | B74: 1.00 – 1.80 | C74: Highly Unsafe | D74: The SRH LINK-TODA is unsafe and poses serious risks to users and data. Urgent corrective actions are required.
A76: Table 11. Scoring Rubric for Web Content Accessibility
A77: Lower limit of weighted mean | B77: Scale | C77: Interpretation | D77: Description
A78: 4.21 | B78: 5 | C78: Highly Accessible | D78: The SRH LINK-TODA is perceived as fully compliant with web accessibility standards.
A79: 3.41 | B79: 4 | C79: Accessible | D79: The SRH LINK-TODA is perceived to have minor issues, but is generally accessible.
A80: 2.61 | B80: 3 | C80: Moderately Accessible | D80: The SRH LINK-TODA is perceived to have some accessibility issues.
A81: 1.81 | B81: 2 | C81: Slightly Accessible | D81: The SRH LINK-TODA is perceived to have major accessibility issues.
A82: 1 | B82: 1 | C82: Not Accessible | D82: The SRH LINK-TODA is perceived as unusable by users with disabilities.
A84: Appendix B, Part 1 — Rating Scale for Technical Evaluation (IT Experts)
A85: Lower limit of weighted mean | B85: Scale | C85: Qualitative Remarks | D85: Verbal Description
A86: 4.21 | B86: 5 | C86: Highly Suitable/Efficient | D86: The system meets or exceeds all requirements with high accuracy and no errors.
A87: 3.41 | B87: 4 | C87: Suitable/Efficient | D87: The system meets most requirements satisfactorily with minimal delays.
A88: 2.61 | B88: 3 | C88: Moderately Suitable | D88: The system meets core requirements but requires minor improvements.
A89: 1.81 | B89: 2 | C89: Unsuitable/Inefficient | D89: The system meets some requirements but fails in accuracy or speed.
A90: 1 | B90: 1 | C90: Highly Unsuitable | D90: The system fails to meet fundamental criteria with significant errors.
A92: Appendix B, Part 2 — Rating Scale for User Experience (End-Users)
A93: Lower limit of weighted mean | B93: Scale | C93: Qualitative Remarks | D93: Verbal Description
A94: 4.21 | B94: 5 | C94: Strongly Agree | D94: You are completely satisfied with the system's performance.
A95: 3.41 | B95: 4 | C95: Agree | D95: You are generally satisfied with the system's performance.
A96: 2.61 | B96: 3 | C96: Neutral | D96: You are neither satisfied nor dissatisfied with the system.
A97: 1.81 | B97: 2 | C97: Disagree | D97: You found some aspects of the system difficult or unsatisfactory.
A98: 1 | B98: 1 | C98: Strongly Disagree | D98: You found the system completely unsatisfactory or difficult to use.
A100: Appendix B, Part 3 — Rating Scale for Accessibility (All Respondents)
A101: Lower limit of weighted mean | B101: Scale | C101: Qualitative Remarks | D101: Verbal Description
A102: 4.21 | B102: 5 | C102: Highly Accessible | D102: The system is perceived to be fully compliant with accessibility standards.
A103: 3.41 | B103: 4 | C103: Accessible | D103: The system is perceived to have minor issues but is generally accessible.
A104: 2.61 | B104: 3 | C104: Moderately Accessible | D104: The system is perceived to have some accessibility barriers present.
A105: 1.81 | B105: 2 | C105: Slightly Accessible | D105: The system is perceived to have major accessibility issues.
A106: 1 | B106: 1 | C106: Not Accessible | D106: The system is perceived as not usable for users with disabilities.

Sheet IT Experts
A1: Assessment on the Technical Aspect of the System (ISO/IEC 25010:2023) — For IT Experts
A2: Scale: 5 = Highly Suitable/Efficient (HS) | 4 = Suitable/Efficient (S) | 3 = Moderately Suitable (MS) | 2 = Unsuitable/Inefficient (U) | 1 = Highly Unsuitable (HU)
A3: Editable cells: yellow-shaded respondent score cells (R1–R5). Enter values 1–5 only. Sample data shown below. Add columns between R4 and R5 if respondents is greater than 5.
A5: Item No. | B5: Item Statement | C5: R1 | D5: R2 | E5: R3 | F5: R4 | G5: R5 | H5: Weighted Mean | I5: HS (5) | J5: S (4) | K5: MS (3) | L5: U (2) | M5: HU (1)
A6: Functional Suitability — The degree to which the system provides functions that meet stated and implied needs when used under specified conditions.
A7: 1 | B7: The 35-meter geofencing triggers accurately log driver terminal entries and exits while deactivating coordinate tracking during active transit. | C7: 5 | D7: 5 | E7: 5 | F7: 5 | G7: 5 | H7: =(5*I7+4*J7+3*K7+2*L7+1*M7)/SUM(I7:M7) -> 5 | I7: =COUNTIF(C7:G7,5) -> 5 | J7: =COUNTIF(C7:G7,4) -> 0 | K7: =COUNTIF(C7:G7,3) -> 0 | L7: =COUNTIF(C7:G7,2) -> 0 | M7: =COUNTIF(C7:G7,1) -> 0
A8: 2 | B8: The priority-based queue algorithm accurately sequences drivers in first-in, first-served order and immediately recovers dispatch positions upon cancellations. | C8: 4 | D8: 5 | E8: 5 | F8: 5 | G8: 5 | H8: =(5*I8+4*J8+3*K8+2*L8+1*M8)/SUM(I8:M8) -> 4.8 | I8: =COUNTIF(C8:G8,5) -> 4 | J8: =COUNTIF(C8:G8,4) -> 1 | K8: =COUNTIF(C8:G8,3) -> 0 | L8: =COUNTIF(C8:G8,2) -> 0 | M8: =COUNTIF(C8:G8,1) -> 0
A9: 3 | B9: The TODA Admin and Super Admin dashboards successfully execute manual queue overrides, driver removals, and compliance verifications without corrupting the dispatch sequence. | C9: 4 | D9: 5 | E9: 5 | F9: 5 | G9: 5 | H9: =(5*I9+4*J9+3*K9+2*L9+1*M9)/SUM(I9:M9) -> 4.8 | I9: =COUNTIF(C9:G9,5) -> 4 | J9: =COUNTIF(C9:G9,4) -> 1 | K9: =COUNTIF(C9:G9,3) -> 0 | L9: =COUNTIF(C9:G9,2) -> 0 | M9: =COUNTIF(C9:G9,1) -> 0
A10: Category Weighted Mean — Functional Suitability | H10: =AVERAGE(H7:H9) -> 4.8666667
A11: Performance Efficiency — Relative to the number of resources used under stated conditions.
A12: 4 | B12: The Laravel Reverb event-driven architecture broadcasts real-time map updates and queue transitions within the acceptable latency threshold. | C12: 3 | D12: 4 | E12: 4 | F12: 4 | G12: 4 | H12: =(5*I12+4*J12+3*K12+2*L12+1*M12)/SUM(I12:M12) -> 3.8 | I12: =COUNTIF(C12:G12,5) -> 0 | J12: =COUNTIF(C12:G12,4) -> 4 | K12: =COUNTIF(C12:G12,3) -> 1 | L12: =COUNTIF(C12:G12,2) -> 0 | M12: =COUNTIF(C12:G12,1) -> 0
A13: 5 | B13: The MapLibre GL mapping engine renders hardware-accelerated vector map layers and driver positions smoothly on mobile devices. | C13: 4 | D13: 5 | E13: 4 | F13: 4 | G13: 4 | H13: =(5*I13+4*J13+3*K13+2*L13+1*M13)/SUM(I13:M13) -> 4.2 | I13: =COUNTIF(C13:G13,5) -> 1 | J13: =COUNTIF(C13:G13,4) -> 4 | K13: =COUNTIF(C13:G13,3) -> 0 | L13: =COUNTIF(C13:G13,2) -> 0 | M13: =COUNTIF(C13:G13,1) -> 0
A14: 6 | B14: The backend database queries and WebSocket listeners consume minimal server resources during peak simulated traffic. | C14: 5 | D14: 4 | E14: 4 | F14: 4 | G14: 4 | H14: =(5*I14+4*J14+3*K14+2*L14+1*M14)/SUM(I14:M14) -> 4.2 | I14: =COUNTIF(C14:G14,5) -> 1 | J14: =COUNTIF(C14:G14,4) -> 4 | K14: =COUNTIF(C14:G14,3) -> 0 | L14: =COUNTIF(C14:G14,2) -> 0 | M14: =COUNTIF(C14:G14,1) -> 0
A15: Category Weighted Mean — Performance Efficiency | H15: =AVERAGE(H12:H14) -> 4.0666667
A16: Compatibility — The degree to which a software system can exchange information with other systems whilst sharing the same software and hardware.
A17: 7 | B17: The Progressive Web Application built with the lonic Framework functions seamlessly across different mobile browsers and operating systems. | C17: 4 | D17: 3 | E17: 3 | F17: 4 | G17: 3 | H17: =(5*I17+4*J17+3*K17+2*L17+1*M17)/SUM(I17:M17) -> 3.4 | I17: =COUNTIF(C17:G17,5) -> 0 | J17: =COUNTIF(C17:G17,4) -> 2 | K17: =COUNTIF(C17:G17,3) -> 3 | L17: =COUNTIF(C17:G17,2) -> 0 | M17: =COUNTIF(C17:G17,1) -> 0
A18: 8 | B18: The system integrates well with device-level HTML5 Geolocation APIs and background Web Push notification services. | C18: 5 | D18: 5 | E18: 4 | F18: 4 | G18: 3 | H18: =(5*I18+4*J18+3*K18+2*L18+1*M18)/SUM(I18:M18) -> 4.2 | I18: =COUNTIF(C18:G18,5) -> 2 | J18: =COUNTIF(C18:G18,4) -> 2 | K18: =COUNTIF(C18:G18,3) -> 1 | L18: =COUNTIF(C18:G18,2) -> 0 | M18: =COUNTIF(C18:G18,1) -> 0
A19: 9 | B19: The user interface layout automatically adapts to varying mobile screen sizes and resolutions without visual breakage. | C19: 3 | D19: 4 | E19: 4 | F19: 4 | G19: 4 | H19: =(5*I19+4*J19+3*K19+2*L19+1*M19)/SUM(I19:M19) -> 3.8 | I19: =COUNTIF(C19:G19,5) -> 0 | J19: =COUNTIF(C19:G19,4) -> 4 | K19: =COUNTIF(C19:G19,3) -> 1 | L19: =COUNTIF(C19:G19,2) -> 0 | M19: =COUNTIF(C19:G19,1) -> 0
A20: Category Weighted Mean — Compatibility | H20: =AVERAGE(H17:H19) -> 3.8
A21: Interaction Capability — The degree to which a system can be interacted with by specified users to exchange information through the user interface to complete the intended task.
A22: 10 | B22: The user interfaces for the passenger, driver, TODA admin, and super admin portals are intuitive and easy to navigate. | C22: 5 | D22: 4 | E22: 5 | F22: 3 | G22: 4 | H22: =(5*I22+4*J22+3*K22+2*L22+1*M22)/SUM(I22:M22) -> 4.2 | I22: =COUNTIF(C22:G22,5) -> 2 | J22: =COUNTIF(C22:G22,4) -> 2 | K22: =COUNTIF(C22:G22,3) -> 1 | L22: =COUNTIF(C22:G22,2) -> 0 | M22: =COUNTIF(C22:G22,1) -> 0
A23: 11 | B23: The system provides clear and immediate visual and audio feedback upon successful actions and dispatch events. | C23: 5 | D23: 4 | E23: 5 | F23: 4 | G23: 4 | H23: =(5*I23+4*J23+3*K23+2*L23+1*M23)/SUM(I23:M23) -> 4.4 | I23: =COUNTIF(C23:G23,5) -> 2 | J23: =COUNTIF(C23:G23,4) -> 3 | K23: =COUNTIF(C23:G23,3) -> 0 | L23: =COUNTIF(C23:G23,2) -> 0 | M23: =COUNTIF(C23:G23,1) -> 0
A24: 12 | B24: Input forms include proper validation and display clear, specific error messages when invalid data is entered. | C24: 5 | D24: 4 | E24: 5 | F24: 4 | G24: 4 | H24: =(5*I24+4*J24+3*K24+2*L24+1*M24)/SUM(I24:M24) -> 4.4 | I24: =COUNTIF(C24:G24,5) -> 2 | J24: =COUNTIF(C24:G24,4) -> 3 | K24: =COUNTIF(C24:G24,3) -> 0 | L24: =COUNTIF(C24:G24,2) -> 0 | M24: =COUNTIF(C24:G24,1) -> 0
A25: Category Weighted Mean — Interaction Capability | H25: =AVERAGE(H22:H24) -> 4.3333333
A26: Reliability — The degree to which the system performs specified functions under specified conditions for a specified period of time.
A27: 13 | B27: The system securely encrypts and stores uploaded driver documents including MTOP certificates and driver licenses. | C27: 5 | D27: 4 | E27: 4 | F27: 4 | G27: 1 | H27: =(5*I27+4*J27+3*K27+2*L27+1*M27)/SUM(I27:M27) -> 3.6 | I27: =COUNTIF(C27:G27,5) -> 1 | J27: =COUNTIF(C27:G27,4) -> 3 | K27: =COUNTIF(C27:G27,3) -> 0 | L27: =COUNTIF(C27:G27,2) -> 0 | M27: =COUNTIF(C27:G27,1) -> 1
A28: 14 | B28: Role-based access controls strictly prevent unauthorized users from viewing administrative dashboards and executing management actions. | C28: 4 | D28: 4 | E28: 5 | F28: 3 | G28: 4 | H28: =(5*I28+4*J28+3*K28+2*L28+1*M28)/SUM(I28:M28) -> 4 | I28: =COUNTIF(C28:G28,5) -> 1 | J28: =COUNTIF(C28:G28,4) -> 3 | K28: =COUNTIF(C28:G28,3) -> 1 | L28: =COUNTIF(C28:G28,2) -> 0 | M28: =COUNTIF(C28:G28,1) -> 0
A29: 15 | B29: The REST API implements token-based authentication and route middleware to prevent unauthorized endpoint access and hijacked sessions. | C29: 5 | D29: 2 | E29: 2 | F29: 2 | G29: 1 | H29: =(5*I29+4*J29+3*K29+2*L29+1*M29)/SUM(I29:M29) -> 2.4 | I29: =COUNTIF(C29:G29,5) -> 1 | J29: =COUNTIF(C29:G29,4) -> 0 | K29: =COUNTIF(C29:G29,3) -> 0 | L29: =COUNTIF(C29:G29,2) -> 3 | M29: =COUNTIF(C29:G29,1) -> 1
A30: Category Weighted Mean — Reliability | H30: =AVERAGE(H27:H29) -> 3.3333333
A31: Maintainability — Refers to how well a system can be modified to improve, correct or adapt to changes in the environment as well as requirements.
A32: 16 | B32: The decoupled codebase is well-structured, separating the Laravel REST API backend from the lonic Angular frontend for easy maintenance | C32: 1 | D32: 2 | E32: 4 | F32: 5 | G32: 3 | H32: =(5*I32+4*J32+3*K32+2*L32+1*M32)/SUM(I32:M32) -> 3 | I32: =COUNTIF(C32:G32,5) -> 1 | J32: =COUNTIF(C32:G32,4) -> 1 | K32: =COUNTIF(C32:G32,3) -> 1 | L32: =COUNTIF(C32:G32,2) -> 1 | M32: =COUNTIF(C32:G32,1) -> 1
A33: 17 | B33: System logs, user activity logs, and audit trails are easily accessible for administrative troubleshooting. | C33: 5 | D33: 1 | E33: 4 | F33: 5 | G33: 4 | H33: =(5*I33+4*J33+3*K33+2*L33+1*M33)/SUM(I33:M33) -> 3.8 | I33: =COUNTIF(C33:G33,5) -> 2 | J33: =COUNTIF(C33:G33,4) -> 2 | K33: =COUNTIF(C33:G33,3) -> 0 | L33: =COUNTIF(C33:G33,2) -> 0 | M33: =COUNTIF(C33:G33,1) -> 1
A34: 18 | B34: The modular architecture allows developers to calibrate specific parameters such as fare matrices and geofence boundaries independently. | C34: 4 | D34: 1 | E34: 2 | F34: 1 | G34: 2 | H34: =(5*I34+4*J34+3*K34+2*L34+1*M34)/SUM(I34:M34) -> 2 | I34: =COUNTIF(C34:G34,5) -> 0 | J34: =COUNTIF(C34:G34,4) -> 1 | K34: =COUNTIF(C34:G34,3) -> 0 | L34: =COUNTIF(C34:G34,2) -> 2 | M34: =COUNTIF(C34:G34,1) -> 2
A35: Category Weighted Mean — Maintainability | H35: =AVERAGE(H32:H34) -> 2.9333333
A36: Flexibility — The degree to which a product can be adapted to changes in its requirements, contexts of use or system environment.
A37: 19 | B37: The system architecture can be easily adjusted to accommodate changes in TODA dispatching rules and geofence radius settings. | C37: 5 | D37: 3 | E37: 4 | F37: 4 | G37: 4 | H37: =(5*I37+4*J37+3*K37+2*L37+1*M37)/SUM(I37:M37) -> 4 | I37: =COUNTIF(C37:G37,5) -> 1 | J37: =COUNTIF(C37:G37,4) -> 3 | K37: =COUNTIF(C37:G37,3) -> 1 | L37: =COUNTIF(C37:G37,2) -> 0 | M37: =COUNTIF(C37:G37,1) -> 0
A38: 20 | B38: The database structure and REST API can scale to support an expansion in subdivision coverage areas or additional transport terminals. | C38: 4 | D38: 4 | E38: 3 | F38: 4 | G38: 4 | H38: =(5*I38+4*J38+3*K38+2*L38+1*M38)/SUM(I38:M38) -> 3.8 | I38: =COUNTIF(C38:G38,5) -> 0 | J38: =COUNTIF(C38:G38,4) -> 4 | K38: =COUNTIF(C38:G38,3) -> 1 | L38: =COUNTIF(C38:G38,2) -> 0 | M38: =COUNTIF(C38:G38,1) -> 0
A39: 21 | B39: The MapLibre GL map configuration allows switching tile providers and styling layers without modifying core application logic. | C39: 5 | D39: 3 | E39: 3 | F39: 3 | G39: 3 | H39: =(5*I39+4*J39+3*K39+2*L39+1*M39)/SUM(I39:M39) -> 3.4 | I39: =COUNTIF(C39:G39,5) -> 1 | J39: =COUNTIF(C39:G39,4) -> 0 | K39: =COUNTIF(C39:G39,3) -> 4 | L39: =COUNTIF(C39:G39,2) -> 0 | M39: =COUNTIF(C39:G39,1) -> 0
A40: Category Weighted Mean — Flexibility | H40: =AVERAGE(H37:H39) -> 3.7333333
A41: Safety — The degree to which a product avoids a state in which human life, health, property, or the environment is endangered.
A42: 22 | B42: The system background tracking processes terminate upon trip completion to protect user location privacy and prevent unwarranted surveillance. | C42: 4 | D42: 4 | E42: 4 | F42: 4 | G42: 4 | H42: =(5*I42+4*J42+3*K42+2*L42+1*M42)/SUM(I42:M42) -> 4 | I42: =COUNTIF(C42:G42,5) -> 0 | J42: =COUNTIF(C42:G42,4) -> 5 | K42: =COUNTIF(C42:G42,3) -> 0 | L42: =COUNTIF(C42:G42,2) -> 0 | M42: =COUNTIF(C42:G42,1) -> 0
A43: 23 | B43: The application deployment safeguards existing cooperative operational data and transaction history against accidental loss. | C43: 5 | D43: 4 | E43: 4 | F43: 4 | G43: 4 | H43: =(5*I43+4*J43+3*K43+2*L43+1*M43)/SUM(I43:M43) -> 4.2 | I43: =COUNTIF(C43:G43,5) -> 1 | J43: =COUNTIF(C43:G43,4) -> 4 | K43: =COUNTIF(C43:G43,3) -> 0 | L43: =COUNTIF(C43:G43,2) -> 0 | M43: =COUNTIF(C43:G43,1) -> 0
A44: 24 | B44: The system includes emergency maintenance controls and automated fail-safes that protect organizational records during server updates. | C44: 3 | D44: 4 | E44: 4 | F44: 3 | G44: 4 | H44: =(5*I44+4*J44+3*K44+2*L44+1*M44)/SUM(I44:M44) -> 3.6 | I44: =COUNTIF(C44:G44,5) -> 0 | J44: =COUNTIF(C44:G44,4) -> 3 | K44: =COUNTIF(C44:G44,3) -> 2 | L44: =COUNTIF(C44:G44,2) -> 0 | M44: =COUNTIF(C44:G44,1) -> 0
A45: Category Weighted Mean — Safety | H45: =AVERAGE(H42:H44) -> 3.9333333
A47: OVERALL WEIGHTED MEAN / TOTAL FREQUENCY (All Items) | H47: =(AVERAGE(H7:H9)+AVERAGE(H12:H14)+AVERAGE(H17:H19)+AVERAGE(H22:H24)+AVERAGE(H27:H29)+AVERAGE(H32:H34)+AVERAGE(H37:H39)+AVERAGE(H42:H44))/8 -> 3.875 | I47: =COUNTIF(C7:G9,5)+COUNTIF(C12:G14,5)+COUNTIF(C17:G19,5)+COUNTIF(C22:G24,5)+COUNTIF(C27:G29,5)+COUNTIF(C32:G34,5)+COUNTIF(C37:G39,5)+COUNTIF(C42:G44,5) -> 32 | J47: =COUNTIF(C7:G9,4)+COUNTIF(C12:G14,4)+COUNTIF(C17:G19,4)+COUNTIF(C22:G24,4)+COUNTIF(C27:G29,4)+COUNTIF(C32:G34,4)+COUNTIF(C37:G39,4)+COUNTIF(C42:G44,4) -> 59 | K47: =COUNTIF(C7:G9,3)+COUNTIF(C12:G14,3)+COUNTIF(C17:G19,3)+COUNTIF(C22:G24,3)+COUNTIF(C27:G29,3)+COUNTIF(C32:G34,3)+COUNTIF(C37:G39,3)+COUNTIF(C42:G44,3) -> 17 | L47: =COUNTIF(C7:G9,2)+COUNTIF(C12:G14,2)+COUNTIF(C17:G19,2)+COUNTIF(C22:G24,2)+COUNTIF(C27:G29,2)+COUNTIF(C32:G34,2)+COUNTIF(C37:G39,2)+COUNTIF(C42:G44,2) -> 6 | M47: =COUNTIF(C7:G9,1)+COUNTIF(C12:G14,1)+COUNTIF(C17:G19,1)+COUNTIF(C22:G24,1)+COUNTIF(C27:G29,1)+COUNTIF(C32:G34,1)+COUNTIF(C37:G39,1)+COUNTIF(C42:G44,1) -> 6

Sheet End-Users
A1: Assessment on the Quality of Using the System — For End-Users
A2: Scale: 5 = Strongly Agree (SA) | 4 = Agree (A) | 3 = Neutral (N) | 2 = Disagree (D) | 1 = Strongly Disagree (SD)
A3: Editable cells: yellow-shaded respondent score cells (R1–R30). Enter values 1–5 only. Sample data shown below. Add columns between R29 and R30 if respondents is greater than 30.
A5: Item No. | B5: Item Statement | C5: R1 | D5: R2 | E5: R3 | F5: R4 | G5: R5 | H5: R6 | I5: R7 | J5: R8 | K5: R9 | L5: R10 | M5: R11 | N5: R12 | O5: R13 | P5: R14 | Q5: R15 | R5: R16 | S5: R17 | T5: R18 | U5: R19 | V5: R20 | W5: R21 | X5: R22 | Y5: R23 | Z5: R24 | AA5: R25 | AB5: R26 | AC5: R27 | AD5: R28 | AE5: R29 | AF5: R30 | AG5: Weighted Mean | AH5: SA (5) | AI5: A (4) | AJ5: N (3) | AK5: D (2) | AL5: SD (1)
A6: Functional Suitability — The degree to which the system provides functions that meet stated and implied needs when used under specified conditions.
A7: 1 | B7: The application accurately fulfills its intended role for my daily transport needs (booking rides, queuing at the terminal, or administrative monitoring). | C7: 5 | D7: 5 | E7: 5 | F7: 5 | G7: 5 | H7: 5 | I7: 5 | J7: 5 | K7: 5 | L7: 4 | M7: 5 | N7: 5 | O7: 5 | P7: 4 | Q7: 4 | R7: 4 | S7: 3 | T7: 3 | U7: 5 | V7: 4 | W7: 5 | X7: 4 | Y7: 5 | Z7: 5 | AA7: 3 | AB7: 3 | AC7: 4 | AD7: 5 | AE7: 3 | AF7: 3 | AG7: =(5*AH7+4*AI7+3*AJ7+2*AK7+1*AL7)/SUM(AH7:AL7) -> 4.3666667 | AH7: =COUNTIF(C7:AF7,5) -> 17 | AI7: =COUNTIF(C7:AF7,4) -> 7 | AJ7: =COUNTIF(C7:AF7,3) -> 6 | AK7: =COUNTIF(C7:AF7,2) -> 0 | AL7: =COUNTIF(C7:AF7,1) -> 0
A8: 2 | B8: The live terminal queue and "Next-in-Line" status provide clear and accurate visibility of tricycle availability. | C8: 5 | D8: 5 | E8: 5 | F8: 5 | G8: 5 | H8: 5 | I8: 5 | J8: 5 | K8: 5 | L8: 4 | M8: 5 | N8: 5 | O8: 5 | P8: 5 | Q8: 4 | R8: 4 | S8: 5 | T8: 4 | U8: 5 | V8: 3 | W8: 5 | X8: 5 | Y8: 5 | Z8: 5 | AA8: 5 | AB8: 5 | AC8: 4 | AD8: 5 | AE8: 5 | AF8: 4 | AG8: =(5*AH8+4*AI8+3*AJ8+2*AK8+1*AL8)/SUM(AH8:AL8) -> 4.7333333 | AH8: =COUNTIF(C8:AF8,5) -> 23 | AI8: =COUNTIF(C8:AF8,4) -> 6 | AJ8: =COUNTIF(C8:AF8,3) -> 1 | AK8: =COUNTIF(C8:AF8,2) -> 0 | AL8: =COUNTIF(C8:AF8,1) -> 0
A9: 3 | B9: The system allows me to easily access and review my personal activity records (trip history, fare breakdown, or TODA compliance logs). | C9: 5 | D9: 5 | E9: 5 | F9: 5 | G9: 5 | H9: 5 | I9: 5 | J9: 5 | K9: 5 | L9: 3 | M9: 5 | N9: 5 | O9: 5 | P9: 5 | Q9: 4 | R9: 4 | S9: 4 | T9: 3 | U9: 5 | V9: 4 | W9: 5 | X9: 4 | Y9: 5 | Z9: 5 | AA9: 5 | AB9: 5 | AC9: 4 | AD9: 5 | AE9: 5 | AF9: 4 | AG9: =(5*AH9+4*AI9+3*AJ9+2*AK9+1*AL9)/SUM(AH9:AL9) -> 4.6333333 | AH9: =COUNTIF(C9:AF9,5) -> 21 | AI9: =COUNTIF(C9:AF9,4) -> 7 | AJ9: =COUNTIF(C9:AF9,3) -> 2 | AK9: =COUNTIF(C9:AF9,2) -> 0 | AL9: =COUNTIF(C9:AF9,1) -> 0
A10: Category Weighted Mean — Functional Suitability | AG10: =AVERAGE(AG7:AG9) -> 4.5777778
A11: Performance Efficiency — Relative to the number of resources used under stated conditions.
A12: 4 | B12: The Progressive Web Application loads quickly and operates smoothly on my smartphone without causing device sluggishness. | C12: 5 | D12: 5 | E12: 5 | F12: 5 | G12: 5 | H12: 5 | I12: 5 | J12: 5 | K12: 5 | L12: 5 | M12: 5 | N12: 5 | O12: 5 | P12: 4 | Q12: 4 | R12: 4 | S12: 3 | T12: 3 | U12: 5 | V12: 3 | W12: 5 | X12: 5 | Y12: 5 | Z12: 5 | AA12: 5 | AB12: 5 | AC12: 5 | AD12: 5 | AE12: 5 | AF12: 5 | AG12: =(5*AH12+4*AI12+3*AJ12+2*AK12+1*AL12)/SUM(AH12:AL12) -> 4.7 | AH12: =COUNTIF(C12:AF12,5) -> 24 | AI12: =COUNTIF(C12:AF12,4) -> 3 | AJ12: =COUNTIF(C12:AF12,3) -> 3 | AK12: =COUNTIF(C12:AF12,2) -> 0 | AL12: =COUNTIF(C12:AF12,1) -> 0
A13: 5 | B13: Real-time updates (ride alerts, dispatch notifications, and queue position changes) appear without noticeable delay. | C13: 5 | D13: 5 | E13: 5 | F13: 5 | G13: 5 | H13: 5 | I13: 5 | J13: 5 | K13: 5 | L13: 4 | M13: 5 | N13: 5 | O13: 5 | P13: 5 | Q13: 4 | R13: 4 | S13: 4 | T13: 4 | U13: 5 | V13: 4 | W13: 5 | X13: 5 | Y13: 5 | Z13: 5 | AA13: 5 | AB13: 5 | AC13: 5 | AD13: 5 | AE13: 5 | AF13: 5 | AG13: =(5*AH13+4*AI13+3*AJ13+2*AK13+1*AL13)/SUM(AH13:AL13) -> 4.8 | AH13: =COUNTIF(C13:AF13,5) -> 24 | AI13: =COUNTIF(C13:AF13,4) -> 6 | AJ13: =COUNTIF(C13:AF13,3) -> 0 | AK13: =COUNTIF(C13:AF13,2) -> 0 | AL13: =COUNTIF(C13:AF13,1) -> 0
A14: 6 | B14: The application runs efficiently in the background during active sessions without excessive battery consumption. | C14: 5 | D14: 5 | E14: 5 | F14: 5 | G14: 5 | H14: 5 | I14: 5 | J14: 5 | K14: 5 | L14: 3 | M14: 5 | N14: 5 | O14: 5 | P14: 5 | Q14: 3 | R14: 4 | S14: 3 | T14: 4 | U14: 5 | V14: 3 | W14: 5 | X14: 5 | Y14: 5 | Z14: 5 | AA14: 5 | AB14: 5 | AC14: 5 | AD14: 5 | AE14: 5 | AF14: 5 | AG14: =(5*AH14+4*AI14+3*AJ14+2*AK14+1*AL14)/SUM(AH14:AL14) -> 4.6666667 | AH14: =COUNTIF(C14:AF14,5) -> 24 | AI14: =COUNTIF(C14:AF14,4) -> 2 | AJ14: =COUNTIF(C14:AF14,3) -> 4 | AK14: =COUNTIF(C14:AF14,2) -> 0 | AL14: =COUNTIF(C14:AF14,1) -> 0
A15: Category Weighted Mean — Performance Efficiency | AG15: =AVERAGE(AG12:AG14) -> 4.7222222
A16: Interaction Capability — The degree to which a system can be interacted with by specified users to exchange information through the user interface to complete the intended task.
A17: 7 | B17: The user interface (buttons, input fields, navigation tabs) is intuitive and easy to use without requiring technical training. | C17: 5 | D17: 5 | E17: 5 | F17: 5 | G17: 4 | H17: 5 | I17: 5 | J17: 5 | K17: 5 | L17: 3 | M17: 5 | N17: 5 | O17: 4 | P17: 5 | Q17: 4 | R17: 3 | S17: 3 | T17: 4 | U17: 5 | V17: 2 | W17: 5 | X17: 5 | Y17: 5 | Z17: 5 | AA17: 5 | AB17: 5 | AC17: 5 | AD17: 5 | AE17: 5 | AF17: 4 | AG17: =(5*AH17+4*AI17+3*AJ17+2*AK17+1*AL17)/SUM(AH17:AL17) -> 4.5333333 | AH17: =COUNTIF(C17:AF17,5) -> 21 | AI17: =COUNTIF(C17:AF17,4) -> 5 | AJ17: =COUNTIF(C17:AF17,3) -> 3 | AK17: =COUNTIF(C17:AF17,2) -> 1 | AL17: =COUNTIF(C17:AF17,1) -> 0
A18: 8 | B18: The platform provides clear and instant on-screen feedback whenever I perform an action (e.g., booking a ride, accepting a dispatch, or uploading documents). | C18: 5 | D18: 5 | E18: 5 | F18: 5 | G18: 5 | H18: 5 | I18: 5 | J18: 5 | K18: 5 | L18: 4 | M18: 5 | N18: 5 | O18: 5 | P18: 5 | Q18: 3 | R18: 4 | S18: 4 | T18: 4 | U18: 5 | V18: 3 | W18: 5 | X18: 4 | Y18: 5 | Z18: 5 | AA18: 5 | AB18: 5 | AC18: 5 | AD18: 5 | AE18: 5 | AF18: 4 | AG18: =(5*AH18+4*AI18+3*AJ18+2*AK18+1*AL18)/SUM(AH18:AL18) -> 4.6666667 | AH18: =COUNTIF(C18:AF18,5) -> 22 | AI18: =COUNTIF(C18:AF18,4) -> 6 | AJ18: =COUNTIF(C18:AF18,3) -> 2 | AK18: =COUNTIF(C18:AF18,2) -> 0 | AL18: =COUNTIF(C18:AF18,1) -> 0
A19: 9 | B19: The text size, layout, and visual contrast make it effortless to read instructions and understand what action to take next. | C19: 3 | D19: 5 | E19: 4 | F19: 5 | G19: 4 | H19: 4 | I19: 4 | J19: 2 | K19: 4 | L19: 1 | M19: 4 | N19: 4 | O19: 3 | P19: 3 | Q19: 1 | R19: 1 | S19: 1 | T19: 2 | U19: 5 | V19: 1 | W19: 2 | X19: 2 | Y19: 4 | Z19: 3 | AA19: 5 | AB19: 5 | AC19: 4 | AD19: 5 | AE19: 3 | AF19: 3 | AG19: =(5*AH19+4*AI19+3*AJ19+2*AK19+1*AL19)/SUM(AH19:AL19) -> 3.2333333 | AH19: =COUNTIF(C19:AF19,5) -> 6 | AI19: =COUNTIF(C19:AF19,4) -> 9 | AJ19: =COUNTIF(C19:AF19,3) -> 6 | AK19: =COUNTIF(C19:AF19,2) -> 4 | AL19: =COUNTIF(C19:AF19,1) -> 5
A20: Category Weighted Mean — Interaction Capability | AG20: =AVERAGE(AG17:AG19) -> 4.1444444
A21: Reliability — The degree to which the system performs specified functions under specified conditions for a specified period of time.
A22: 10 | B22: The application remains stable and does not crash or freeze during active hailing and dispatching operations. | C22: 5 | D22: 5 | E22: 5 | F22: 5 | G22: 5 | H22: 5 | I22: 5 | J22: 5 | K22: 5 | L22: 4 | M22: 5 | N22: 5 | O22: 4 | P22: 4 | Q22: 3 | R22: 4 | S22: 3 | T22: 4 | U22: 5 | V22: 4 | W22: 5 | X22: 5 | Y22: 5 | Z22: 5 | AA22: 5 | AB22: 5 | AC22: 5 | AD22: 5 | AE22: 5 | AF22: 5 | AG22: =(5*AH22+4*AI22+3*AJ22+2*AK22+1*AL22)/SUM(AH22:AL22) -> 4.6666667 | AH22: =COUNTIF(C22:AF22,5) -> 22 | AI22: =COUNTIF(C22:AF22,4) -> 6 | AJ22: =COUNTIF(C22:AF22,3) -> 2 | AK22: =COUNTIF(C22:AF22,2) -> 0 | AL22: =COUNTIF(C22:AF22,1) -> 0
A23: 11 | B23: The automated queue algorithm maintains strict fairness, properly managing turn-taking and queue recovery when rides are canceled. | C23: 5 | D23: 5 | E23: 5 | F23: 5 | G23: 5 | H23: 5 | I23: 5 | J23: 5 | K23: 5 | L23: 3 | M23: 5 | N23: 5 | O23: 3 | P23: 5 | Q23: 3 | R23: 4 | S23: 3 | T23: 4 | U23: 5 | V23: 4 | W23: 5 | X23: 5 | Y23: 5 | Z23: 5 | AA23: 5 | AB23: 5 | AC23: 5 | AD23: 5 | AE23: 5 | AF23: 5 | AG23: =(5*AH23+4*AI23+3*AJ23+2*AK23+1*AL23)/SUM(AH23:AL23) -> 4.6333333 | AH23: =COUNTIF(C23:AF23,5) -> 23 | AI23: =COUNTIF(C23:AF23,4) -> 3 | AJ23: =COUNTIF(C23:AF23,3) -> 4 | AK23: =COUNTIF(C23:AF23,2) -> 0 | AL23: =COUNTIF(C23:AF23,1) -> 0
A24: 12 | B24: The system retains my current session and transaction state (queue slot or active ride request) even during brief cellular data or internet interruptions. | C24: 5 | D24: 5 | E24: 5 | F24: 5 | G24: 5 | H24: 5 | I24: 5 | J24: 5 | K24: 5 | L24: 4 | M24: 5 | N24: 5 | O24: 5 | P24: 5 | Q24: 5 | R24: 4 | S24: 4 | T24: 4 | U24: 5 | V24: 5 | W24: 5 | X24: 5 | Y24: 5 | Z24: 5 | AA24: 5 | AB24: 5 | AC24: 5 | AD24: 5 | AE24: 5 | AF24: 5 | AG24: =(5*AH24+4*AI24+3*AJ24+2*AK24+1*AL24)/SUM(AH24:AL24) -> 4.8666667 | AH24: =COUNTIF(C24:AF24,5) -> 26 | AI24: =COUNTIF(C24:AF24,4) -> 4 | AJ24: =COUNTIF(C24:AF24,3) -> 0 | AK24: =COUNTIF(C24:AF24,2) -> 0 | AL24: =COUNTIF(C24:AF24,1) -> 0
A25: Category Weighted Mean — Reliability | AG25: =AVERAGE(AG22:AG24) -> 4.7222222
A27: OVERALL WEIGHTED MEAN / TOTAL FREQUENCY (All Items) | AG27: =(AVERAGE(AG7:AG9)+AVERAGE(AG12:AG14)+AVERAGE(AG17:AG19)+AVERAGE(AG22:AG24))/4 -> 4.5416667 | AH27: =COUNTIF(C7:AF9,5)+COUNTIF(C12:AF14,5)+COUNTIF(C17:AF19,5)+COUNTIF(C22:AF24,5) -> 253 | AI27: =COUNTIF(C7:AF9,4)+COUNTIF(C12:AF14,4)+COUNTIF(C17:AF19,4)+COUNTIF(C22:AF24,4) -> 64 | AJ27: =COUNTIF(C7:AF9,3)+COUNTIF(C12:AF14,3)+COUNTIF(C17:AF19,3)+COUNTIF(C22:AF24,3) -> 33 | AK27: =COUNTIF(C7:AF9,2)+COUNTIF(C12:AF14,2)+COUNTIF(C17:AF19,2)+COUNTIF(C22:AF24,2) -> 5 | AL27: =COUNTIF(C7:AF9,1)+COUNTIF(C12:AF14,1)+COUNTIF(C17:AF19,1)+COUNTIF(C22:AF24,1) -> 5

Sheet APA Results - IT Experts
A1: Table 1
A2: Functional Suitability — The degree to which the system provides functions that meet stated and implied needs when used under specified conditions. (As Rated by IT Experts, N = 5)
A3: Item Statement | B3: Highly Suitable/ Efficient (5) | D3: Suitable/ Efficient (4) | F3: Moderately Suitable (3) | H3: Unsuitable/ Inefficient (2) | J3: Highly Unsuitable (1) | L3: Weighted Mean | M3: Qualitative Remarks
B4: f | C4: % | D4: f | E4: % | F4: f | G4: % | H4: f | I4: % | J4: f | K4: %
A5: The 35-meter geofencing triggers accurately log driver terminal entries and exits while deactivating coordinate tracking during active transit. | B5: ='IT Experts'!I7 -> 5 | C5: ='IT Experts'!I7/COUNT('IT Experts'!$C7:$G7) -> 1 | D5: ='IT Experts'!J7 -> 0 | E5: ='IT Experts'!J7/COUNT('IT Experts'!$C7:$G7) -> 0 | F5: ='IT Experts'!K7 -> 0 | G5: ='IT Experts'!K7/COUNT('IT Experts'!$C7:$G7) -> 0 | H5: ='IT Experts'!L7 -> 0 | I5: ='IT Experts'!L7/COUNT('IT Experts'!$C7:$G7) -> 0 | J5: ='IT Experts'!M7 -> 0 | K5: ='IT Experts'!M7/COUNT('IT Experts'!$C7:$G7) -> 0 | L5: ='IT Experts'!H7 -> 5 | M5: =IF('IT Experts'!H7>='Scoring Rubrics'!$A$6,'Scoring Rubrics'!$C$6,IF('IT Experts'!H7>='Scoring Rubrics'!$A$7,'Scoring Rubrics'!$C$7,IF('IT Experts'!H7>='Scoring Rubrics'!$A$8,'Scoring Rubrics'!$C$8,IF('IT Experts'!H7>='Scoring Rubrics'!$A$9,'Scoring Rubrics'!$C$9,'Scoring Rubrics'!$C$10)))) -> Highly Suitable
A6: The priority-based queue algorithm accurately sequences drivers in first-in, first-served order and immediately recovers dispatch positions upon cancellations. | B6: ='IT Experts'!I8 -> 4 | C6: ='IT Experts'!I8/COUNT('IT Experts'!$C8:$G8) -> 0.8 | D6: ='IT Experts'!J8 -> 1 | E6: ='IT Experts'!J8/COUNT('IT Experts'!$C8:$G8) -> 0.2 | F6: ='IT Experts'!K8 -> 0 | G6: ='IT Experts'!K8/COUNT('IT Experts'!$C8:$G8) -> 0 | H6: ='IT Experts'!L8 -> 0 | I6: ='IT Experts'!L8/COUNT('IT Experts'!$C8:$G8) -> 0 | J6: ='IT Experts'!M8 -> 0 | K6: ='IT Experts'!M8/COUNT('IT Experts'!$C8:$G8) -> 0 | L6: ='IT Experts'!H8 -> 4.8 | M6: =IF('IT Experts'!H8>='Scoring Rubrics'!$A$6,'Scoring Rubrics'!$C$6,IF('IT Experts'!H8>='Scoring Rubrics'!$A$7,'Scoring Rubrics'!$C$7,IF('IT Experts'!H8>='Scoring Rubrics'!$A$8,'Scoring Rubrics'!$C$8,IF('IT Experts'!H8>='Scoring Rubrics'!$A$9,'Scoring Rubrics'!$C$9,'Scoring Rubrics'!$C$10)))) -> Highly Suitable
A7: The TODA Admin and Super Admin dashboards successfully execute manual queue overrides, driver removals, and compliance verifications without corrupting the dispatch sequence. | B7: ='IT Experts'!I9 -> 4 | C7: ='IT Experts'!I9/COUNT('IT Experts'!$C9:$G9) -> 0.8 | D7: ='IT Experts'!J9 -> 1 | E7: ='IT Experts'!J9/COUNT('IT Experts'!$C9:$G9) -> 0.2 | F7: ='IT Experts'!K9 -> 0 | G7: ='IT Experts'!K9/COUNT('IT Experts'!$C9:$G9) -> 0 | H7: ='IT Experts'!L9 -> 0 | I7: ='IT Experts'!L9/COUNT('IT Experts'!$C9:$G9) -> 0 | J7: ='IT Experts'!M9 -> 0 | K7: ='IT Experts'!M9/COUNT('IT Experts'!$C9:$G9) -> 0 | L7: ='IT Experts'!H9 -> 4.8 | M7: =IF('IT Experts'!H9>='Scoring Rubrics'!$A$6,'Scoring Rubrics'!$C$6,IF('IT Experts'!H9>='Scoring Rubrics'!$A$7,'Scoring Rubrics'!$C$7,IF('IT Experts'!H9>='Scoring Rubrics'!$A$8,'Scoring Rubrics'!$C$8,IF('IT Experts'!H9>='Scoring Rubrics'!$A$9,'Scoring Rubrics'!$C$9,'Scoring Rubrics'!$C$10)))) -> Highly Suitable
A8: Category Weighted Mean | L8: ='IT Experts'!H10 -> 4.8666667 | M8: =IF('IT Experts'!H10>='Scoring Rubrics'!$A$6,'Scoring Rubrics'!$C$6,IF('IT Experts'!H10>='Scoring Rubrics'!$A$7,'Scoring Rubrics'!$C$7,IF('IT Experts'!H10>='Scoring Rubrics'!$A$8,'Scoring Rubrics'!$C$8,IF('IT Experts'!H10>='Scoring Rubrics'!$A$9,'Scoring Rubrics'!$C$9,'Scoring Rubrics'!$C$10)))) -> Highly Suitable
A9: Note. n = 5. Weighted mean = Σ(f × rating) ÷ n. Interpretation based on the scoring rubric for functional suitability: 4.21 – 5.00 = Highly Suitable; 3.41 – 4.20 = Suitable; 2.61 – 3.40 = Somewhat Suitable; 1.81 – 2.60 = Unsuitable; 1.00 – 1.80 = Highly Unsuitable.
A12: Table 2
A13: Performance Efficiency — Relative to the number of resources used under stated conditions. (As Rated by IT Experts, N = 5)
A14: Item Statement | B14: Highly Suitable/ Efficient (5) | D14: Suitable/ Efficient (4) | F14: Moderately Suitable (3) | H14: Unsuitable/ Inefficient (2) | J14: Highly Unsuitable (1) | L14: Weighted Mean | M14: Qualitative Remarks
B15: f | C15: % | D15: f | E15: % | F15: f | G15: % | H15: f | I15: % | J15: f | K15: %
A16: The Laravel Reverb event-driven architecture broadcasts real-time map updates and queue transitions within the acceptable latency threshold. | B16: ='IT Experts'!I12 -> 0 | C16: ='IT Experts'!I12/COUNT('IT Experts'!$C12:$G12) -> 0 | D16: ='IT Experts'!J12 -> 4 | E16: ='IT Experts'!J12/COUNT('IT Experts'!$C12:$G12) -> 0.8 | F16: ='IT Experts'!K12 -> 1 | G16: ='IT Experts'!K12/COUNT('IT Experts'!$C12:$G12) -> 0.2 | H16: ='IT Experts'!L12 -> 0 | I16: ='IT Experts'!L12/COUNT('IT Experts'!$C12:$G12) -> 0 | J16: ='IT Experts'!M12 -> 0 | K16: ='IT Experts'!M12/COUNT('IT Experts'!$C12:$G12) -> 0 | L16: ='IT Experts'!H12 -> 3.8 | M16: =IF('IT Experts'!H12>='Scoring Rubrics'!$A$14,'Scoring Rubrics'!$C$14,IF('IT Experts'!H12>='Scoring Rubrics'!$A$15,'Scoring Rubrics'!$C$15,IF('IT Experts'!H12>='Scoring Rubrics'!$A$16,'Scoring Rubrics'!$C$16,IF('IT Experts'!H12>='Scoring Rubrics'!$A$17,'Scoring Rubrics'!$C$17,'Scoring Rubrics'!$C$18)))) -> Efficient
A17: The MapLibre GL mapping engine renders hardware-accelerated vector map layers and driver positions smoothly on mobile devices. | B17: ='IT Experts'!I13 -> 1 | C17: ='IT Experts'!I13/COUNT('IT Experts'!$C13:$G13) -> 0.2 | D17: ='IT Experts'!J13 -> 4 | E17: ='IT Experts'!J13/COUNT('IT Experts'!$C13:$G13) -> 0.8 | F17: ='IT Experts'!K13 -> 0 | G17: ='IT Experts'!K13/COUNT('IT Experts'!$C13:$G13) -> 0 | H17: ='IT Experts'!L13 -> 0 | I17: ='IT Experts'!L13/COUNT('IT Experts'!$C13:$G13) -> 0 | J17: ='IT Experts'!M13 -> 0 | K17: ='IT Experts'!M13/COUNT('IT Experts'!$C13:$G13) -> 0 | L17: ='IT Experts'!H13 -> 4.2 | M17: =IF('IT Experts'!H13>='Scoring Rubrics'!$A$14,'Scoring Rubrics'!$C$14,IF('IT Experts'!H13>='Scoring Rubrics'!$A$15,'Scoring Rubrics'!$C$15,IF('IT Experts'!H13>='Scoring Rubrics'!$A$16,'Scoring Rubrics'!$C$16,IF('IT Experts'!H13>='Scoring Rubrics'!$A$17,'Scoring Rubrics'!$C$17,'Scoring Rubrics'!$C$18)))) -> Efficient
A18: The backend database queries and WebSocket listeners consume minimal server resources during peak simulated traffic. | B18: ='IT Experts'!I14 -> 1 | C18: ='IT Experts'!I14/COUNT('IT Experts'!$C14:$G14) -> 0.2 | D18: ='IT Experts'!J14 -> 4 | E18: ='IT Experts'!J14/COUNT('IT Experts'!$C14:$G14) -> 0.8 | F18: ='IT Experts'!K14 -> 0 | G18: ='IT Experts'!K14/COUNT('IT Experts'!$C14:$G14) -> 0 | H18: ='IT Experts'!L14 -> 0 | I18: ='IT Experts'!L14/COUNT('IT Experts'!$C14:$G14) -> 0 | J18: ='IT Experts'!M14 -> 0 | K18: ='IT Experts'!M14/COUNT('IT Experts'!$C14:$G14) -> 0 | L18: ='IT Experts'!H14 -> 4.2 | M18: =IF('IT Experts'!H14>='Scoring Rubrics'!$A$14,'Scoring Rubrics'!$C$14,IF('IT Experts'!H14>='Scoring Rubrics'!$A$15,'Scoring Rubrics'!$C$15,IF('IT Experts'!H14>='Scoring Rubrics'!$A$16,'Scoring Rubrics'!$C$16,IF('IT Experts'!H14>='Scoring Rubrics'!$A$17,'Scoring Rubrics'!$C$17,'Scoring Rubrics'!$C$18)))) -> Efficient
A19: Category Weighted Mean | L19: ='IT Experts'!H15 -> 4.0666667 | M19: =IF('IT Experts'!H15>='Scoring Rubrics'!$A$14,'Scoring Rubrics'!$C$14,IF('IT Experts'!H15>='Scoring Rubrics'!$A$15,'Scoring Rubrics'!$C$15,IF('IT Experts'!H15>='Scoring Rubrics'!$A$16,'Scoring Rubrics'!$C$16,IF('IT Experts'!H15>='Scoring Rubrics'!$A$17,'Scoring Rubrics'!$C$17,'Scoring Rubrics'!$C$18)))) -> Efficient
A20: Note. n = 5. Weighted mean = Σ(f × rating) ÷ n. Interpretation based on the scoring rubric for performance efficiency: 4.21 – 5.00 = Highly Efficient; 3.41 – 4.20 = Efficient; 2.61 – 3.40 = Less Efficient; 1.81 – 2.60 = Inefficient; 1.00 – 1.80 = Highly Inefficient.
A23: Table 3
A24: Compatibility — The degree to which a software system can exchange information with other systems whilst sharing the same software and hardware. (As Rated by IT Experts, N = 5)
A25: Item Statement | B25: Highly Suitable/ Efficient (5) | D25: Suitable/ Efficient (4) | F25: Moderately Suitable (3) | H25: Unsuitable/ Inefficient (2) | J25: Highly Unsuitable (1) | L25: Weighted Mean | M25: Qualitative Remarks
B26: f | C26: % | D26: f | E26: % | F26: f | G26: % | H26: f | I26: % | J26: f | K26: %
A27: The Progressive Web Application built with the lonic Framework functions seamlessly across different mobile browsers and operating systems. | B27: ='IT Experts'!I17 -> 0 | C27: ='IT Experts'!I17/COUNT('IT Experts'!$C17:$G17) -> 0 | D27: ='IT Experts'!J17 -> 2 | E27: ='IT Experts'!J17/COUNT('IT Experts'!$C17:$G17) -> 0.4 | F27: ='IT Experts'!K17 -> 3 | G27: ='IT Experts'!K17/COUNT('IT Experts'!$C17:$G17) -> 0.6 | H27: ='IT Experts'!L17 -> 0 | I27: ='IT Experts'!L17/COUNT('IT Experts'!$C17:$G17) -> 0 | J27: ='IT Experts'!M17 -> 0 | K27: ='IT Experts'!M17/COUNT('IT Experts'!$C17:$G17) -> 0 | L27: ='IT Experts'!H17 -> 3.4 | M27: =IF('IT Experts'!H17>='Scoring Rubrics'!$A$22,'Scoring Rubrics'!$C$22,IF('IT Experts'!H17>='Scoring Rubrics'!$A$23,'Scoring Rubrics'!$C$23,IF('IT Experts'!H17>='Scoring Rubrics'!$A$24,'Scoring Rubrics'!$C$24,IF('IT Experts'!H17>='Scoring Rubrics'!$A$25,'Scoring Rubrics'!$C$25,'Scoring Rubrics'!$C$26)))) -> Somewhat Compatible
A28: The system integrates well with device-level HTML5 Geolocation APIs and background Web Push notification services. | B28: ='IT Experts'!I18 -> 2 | C28: ='IT Experts'!I18/COUNT('IT Experts'!$C18:$G18) -> 0.4 | D28: ='IT Experts'!J18 -> 2 | E28: ='IT Experts'!J18/COUNT('IT Experts'!$C18:$G18) -> 0.4 | F28: ='IT Experts'!K18 -> 1 | G28: ='IT Experts'!K18/COUNT('IT Experts'!$C18:$G18) -> 0.2 | H28: ='IT Experts'!L18 -> 0 | I28: ='IT Experts'!L18/COUNT('IT Experts'!$C18:$G18) -> 0 | J28: ='IT Experts'!M18 -> 0 | K28: ='IT Experts'!M18/COUNT('IT Experts'!$C18:$G18) -> 0 | L28: ='IT Experts'!H18 -> 4.2 | M28: =IF('IT Experts'!H18>='Scoring Rubrics'!$A$22,'Scoring Rubrics'!$C$22,IF('IT Experts'!H18>='Scoring Rubrics'!$A$23,'Scoring Rubrics'!$C$23,IF('IT Experts'!H18>='Scoring Rubrics'!$A$24,'Scoring Rubrics'!$C$24,IF('IT Experts'!H18>='Scoring Rubrics'!$A$25,'Scoring Rubrics'!$C$25,'Scoring Rubrics'!$C$26)))) -> Compatible
A29: The user interface layout automatically adapts to varying mobile screen sizes and resolutions without visual breakage. | B29: ='IT Experts'!I19 -> 0 | C29: ='IT Experts'!I19/COUNT('IT Experts'!$C19:$G19) -> 0 | D29: ='IT Experts'!J19 -> 4 | E29: ='IT Experts'!J19/COUNT('IT Experts'!$C19:$G19) -> 0.8 | F29: ='IT Experts'!K19 -> 1 | G29: ='IT Experts'!K19/COUNT('IT Experts'!$C19:$G19) -> 0.2 | H29: ='IT Experts'!L19 -> 0 | I29: ='IT Experts'!L19/COUNT('IT Experts'!$C19:$G19) -> 0 | J29: ='IT Experts'!M19 -> 0 | K29: ='IT Experts'!M19/COUNT('IT Experts'!$C19:$G19) -> 0 | L29: ='IT Experts'!H19 -> 3.8 | M29: =IF('IT Experts'!H19>='Scoring Rubrics'!$A$22,'Scoring Rubrics'!$C$22,IF('IT Experts'!H19>='Scoring Rubrics'!$A$23,'Scoring Rubrics'!$C$23,IF('IT Experts'!H19>='Scoring Rubrics'!$A$24,'Scoring Rubrics'!$C$24,IF('IT Experts'!H19>='Scoring Rubrics'!$A$25,'Scoring Rubrics'!$C$25,'Scoring Rubrics'!$C$26)))) -> Compatible
A30: Category Weighted Mean | L30: ='IT Experts'!H20 -> 3.8 | M30: =IF('IT Experts'!H20>='Scoring Rubrics'!$A$22,'Scoring Rubrics'!$C$22,IF('IT Experts'!H20>='Scoring Rubrics'!$A$23,'Scoring Rubrics'!$C$23,IF('IT Experts'!H20>='Scoring Rubrics'!$A$24,'Scoring Rubrics'!$C$24,IF('IT Experts'!H20>='Scoring Rubrics'!$A$25,'Scoring Rubrics'!$C$25,'Scoring Rubrics'!$C$26)))) -> Compatible
A31: Note. n = 5. Weighted mean = Σ(f × rating) ÷ n. Interpretation based on the scoring rubric for compatibility: 4.21 – 5.00 = Highly Compatible; 3.41 – 4.20 = Compatible; 2.61 – 3.40 = Somewhat Compatible; 1.81 – 2.60 = Less Compatible; 1.00 – 1.80 = Not Compatible.
A34: Table 4
A35: Interaction Capability — The degree to which a system can be interacted with by specified users to exchange information through the user interface to complete the intended task. (As Rated by IT Experts, N = 5)
A36: Item Statement | B36: Highly Suitable/ Efficient (5) | D36: Suitable/ Efficient (4) | F36: Moderately Suitable (3) | H36: Unsuitable/ Inefficient (2) | J36: Highly Unsuitable (1) | L36: Weighted Mean | M36: Qualitative Remarks
B37: f | C37: % | D37: f | E37: % | F37: f | G37: % | H37: f | I37: % | J37: f | K37: %
A38: The user interfaces for the passenger, driver, TODA admin, and super admin portals are intuitive and easy to navigate. | B38: ='IT Experts'!I22 -> 2 | C38: ='IT Experts'!I22/COUNT('IT Experts'!$C22:$G22) -> 0.4 | D38: ='IT Experts'!J22 -> 2 | E38: ='IT Experts'!J22/COUNT('IT Experts'!$C22:$G22) -> 0.4 | F38: ='IT Experts'!K22 -> 1 | G38: ='IT Experts'!K22/COUNT('IT Experts'!$C22:$G22) -> 0.2 | H38: ='IT Experts'!L22 -> 0 | I38: ='IT Experts'!L22/COUNT('IT Experts'!$C22:$G22) -> 0 | J38: ='IT Experts'!M22 -> 0 | K38: ='IT Experts'!M22/COUNT('IT Experts'!$C22:$G22) -> 0 | L38: ='IT Experts'!H22 -> 4.2 | M38: =IF('IT Experts'!H22>='Scoring Rubrics'!$A$30,'Scoring Rubrics'!$C$30,IF('IT Experts'!H22>='Scoring Rubrics'!$A$31,'Scoring Rubrics'!$C$31,IF('IT Experts'!H22>='Scoring Rubrics'!$A$32,'Scoring Rubrics'!$C$32,IF('IT Experts'!H22>='Scoring Rubrics'!$A$33,'Scoring Rubrics'!$C$33,'Scoring Rubrics'!$C$34)))) -> Interactive
A39: The system provides clear and immediate visual and audio feedback upon successful actions and dispatch events. | B39: ='IT Experts'!I23 -> 2 | C39: ='IT Experts'!I23/COUNT('IT Experts'!$C23:$G23) -> 0.4 | D39: ='IT Experts'!J23 -> 3 | E39: ='IT Experts'!J23/COUNT('IT Experts'!$C23:$G23) -> 0.6 | F39: ='IT Experts'!K23 -> 0 | G39: ='IT Experts'!K23/COUNT('IT Experts'!$C23:$G23) -> 0 | H39: ='IT Experts'!L23 -> 0 | I39: ='IT Experts'!L23/COUNT('IT Experts'!$C23:$G23) -> 0 | J39: ='IT Experts'!M23 -> 0 | K39: ='IT Experts'!M23/COUNT('IT Experts'!$C23:$G23) -> 0 | L39: ='IT Experts'!H23 -> 4.4 | M39: =IF('IT Experts'!H23>='Scoring Rubrics'!$A$30,'Scoring Rubrics'!$C$30,IF('IT Experts'!H23>='Scoring Rubrics'!$A$31,'Scoring Rubrics'!$C$31,IF('IT Experts'!H23>='Scoring Rubrics'!$A$32,'Scoring Rubrics'!$C$32,IF('IT Experts'!H23>='Scoring Rubrics'!$A$33,'Scoring Rubrics'!$C$33,'Scoring Rubrics'!$C$34)))) -> Highly Interactive
A40: Input forms include proper validation and display clear, specific error messages when invalid data is entered. | B40: ='IT Experts'!I24 -> 2 | C40: ='IT Experts'!I24/COUNT('IT Experts'!$C24:$G24) -> 0.4 | D40: ='IT Experts'!J24 -> 3 | E40: ='IT Experts'!J24/COUNT('IT Experts'!$C24:$G24) -> 0.6 | F40: ='IT Experts'!K24 -> 0 | G40: ='IT Experts'!K24/COUNT('IT Experts'!$C24:$G24) -> 0 | H40: ='IT Experts'!L24 -> 0 | I40: ='IT Experts'!L24/COUNT('IT Experts'!$C24:$G24) -> 0 | J40: ='IT Experts'!M24 -> 0 | K40: ='IT Experts'!M24/COUNT('IT Experts'!$C24:$G24) -> 0 | L40: ='IT Experts'!H24 -> 4.4 | M40: =IF('IT Experts'!H24>='Scoring Rubrics'!$A$30,'Scoring Rubrics'!$C$30,IF('IT Experts'!H24>='Scoring Rubrics'!$A$31,'Scoring Rubrics'!$C$31,IF('IT Experts'!H24>='Scoring Rubrics'!$A$32,'Scoring Rubrics'!$C$32,IF('IT Experts'!H24>='Scoring Rubrics'!$A$33,'Scoring Rubrics'!$C$33,'Scoring Rubrics'!$C$34)))) -> Highly Interactive
A41: Category Weighted Mean | L41: ='IT Experts'!H25 -> 4.3333333 | M41: =IF('IT Experts'!H25>='Scoring Rubrics'!$A$30,'Scoring Rubrics'!$C$30,IF('IT Experts'!H25>='Scoring Rubrics'!$A$31,'Scoring Rubrics'!$C$31,IF('IT Experts'!H25>='Scoring Rubrics'!$A$32,'Scoring Rubrics'!$C$32,IF('IT Experts'!H25>='Scoring Rubrics'!$A$33,'Scoring Rubrics'!$C$33,'Scoring Rubrics'!$C$34)))) -> Highly Interactive
A42: Note. n = 5. Weighted mean = Σ(f × rating) ÷ n. Interpretation based on the scoring rubric for interaction capability: 4.21 – 5.00 = Highly Interactive; 3.41 – 4.20 = Interactive; 2.61 – 3.40 = Less Interactive; 1.81 – 2.60 = Poorly Interactive; 1.00 – 1.80 = Non-Interactive.
A45: Table 5
A46: Reliability — The degree to which the system performs specified functions under specified conditions for a specified period of time. (As Rated by IT Experts, N = 5)
A47: Item Statement | B47: Highly Suitable/ Efficient (5) | D47: Suitable/ Efficient (4) | F47: Moderately Suitable (3) | H47: Unsuitable/ Inefficient (2) | J47: Highly Unsuitable (1) | L47: Weighted Mean | M47: Qualitative Remarks
B48: f | C48: % | D48: f | E48: % | F48: f | G48: % | H48: f | I48: % | J48: f | K48: %
A49: The system securely encrypts and stores uploaded driver documents including MTOP certificates and driver licenses. | B49: ='IT Experts'!I27 -> 1 | C49: ='IT Experts'!I27/COUNT('IT Experts'!$C27:$G27) -> 0.2 | D49: ='IT Experts'!J27 -> 3 | E49: ='IT Experts'!J27/COUNT('IT Experts'!$C27:$G27) -> 0.6 | F49: ='IT Experts'!K27 -> 0 | G49: ='IT Experts'!K27/COUNT('IT Experts'!$C27:$G27) -> 0 | H49: ='IT Experts'!L27 -> 0 | I49: ='IT Experts'!L27/COUNT('IT Experts'!$C27:$G27) -> 0 | J49: ='IT Experts'!M27 -> 1 | K49: ='IT Experts'!M27/COUNT('IT Experts'!$C27:$G27) -> 0.2 | L49: ='IT Experts'!H27 -> 3.6 | M49: =IF('IT Experts'!H27>='Scoring Rubrics'!$A$38,'Scoring Rubrics'!$C$38,IF('IT Experts'!H27>='Scoring Rubrics'!$A$39,'Scoring Rubrics'!$C$39,IF('IT Experts'!H27>='Scoring Rubrics'!$A$40,'Scoring Rubrics'!$C$40,IF('IT Experts'!H27>='Scoring Rubrics'!$A$41,'Scoring Rubrics'!$C$41,'Scoring Rubrics'!$C$42)))) -> Reliable
A50: Role-based access controls strictly prevent unauthorized users from viewing administrative dashboards and executing management actions. | B50: ='IT Experts'!I28 -> 1 | C50: ='IT Experts'!I28/COUNT('IT Experts'!$C28:$G28) -> 0.2 | D50: ='IT Experts'!J28 -> 3 | E50: ='IT Experts'!J28/COUNT('IT Experts'!$C28:$G28) -> 0.6 | F50: ='IT Experts'!K28 -> 1 | G50: ='IT Experts'!K28/COUNT('IT Experts'!$C28:$G28) -> 0.2 | H50: ='IT Experts'!L28 -> 0 | I50: ='IT Experts'!L28/COUNT('IT Experts'!$C28:$G28) -> 0 | J50: ='IT Experts'!M28 -> 0 | K50: ='IT Experts'!M28/COUNT('IT Experts'!$C28:$G28) -> 0 | L50: ='IT Experts'!H28 -> 4 | M50: =IF('IT Experts'!H28>='Scoring Rubrics'!$A$38,'Scoring Rubrics'!$C$38,IF('IT Experts'!H28>='Scoring Rubrics'!$A$39,'Scoring Rubrics'!$C$39,IF('IT Experts'!H28>='Scoring Rubrics'!$A$40,'Scoring Rubrics'!$C$40,IF('IT Experts'!H28>='Scoring Rubrics'!$A$41,'Scoring Rubrics'!$C$41,'Scoring Rubrics'!$C$42)))) -> Reliable
A51: The REST API implements token-based authentication and route middleware to prevent unauthorized endpoint access and hijacked sessions. | B51: ='IT Experts'!I29 -> 1 | C51: ='IT Experts'!I29/COUNT('IT Experts'!$C29:$G29) -> 0.2 | D51: ='IT Experts'!J29 -> 0 | E51: ='IT Experts'!J29/COUNT('IT Experts'!$C29:$G29) -> 0 | F51: ='IT Experts'!K29 -> 0 | G51: ='IT Experts'!K29/COUNT('IT Experts'!$C29:$G29) -> 0 | H51: ='IT Experts'!L29 -> 3 | I51: ='IT Experts'!L29/COUNT('IT Experts'!$C29:$G29) -> 0.6 | J51: ='IT Experts'!M29 -> 1 | K51: ='IT Experts'!M29/COUNT('IT Experts'!$C29:$G29) -> 0.2 | L51: ='IT Experts'!H29 -> 2.4 | M51: =IF('IT Experts'!H29>='Scoring Rubrics'!$A$38,'Scoring Rubrics'!$C$38,IF('IT Experts'!H29>='Scoring Rubrics'!$A$39,'Scoring Rubrics'!$C$39,IF('IT Experts'!H29>='Scoring Rubrics'!$A$40,'Scoring Rubrics'!$C$40,IF('IT Experts'!H29>='Scoring Rubrics'!$A$41,'Scoring Rubrics'!$C$41,'Scoring Rubrics'!$C$42)))) -> Unreliable
A52: Category Weighted Mean | L52: ='IT Experts'!H30 -> 3.3333333 | M52: =IF('IT Experts'!H30>='Scoring Rubrics'!$A$38,'Scoring Rubrics'!$C$38,IF('IT Experts'!H30>='Scoring Rubrics'!$A$39,'Scoring Rubrics'!$C$39,IF('IT Experts'!H30>='Scoring Rubrics'!$A$40,'Scoring Rubrics'!$C$40,IF('IT Experts'!H30>='Scoring Rubrics'!$A$41,'Scoring Rubrics'!$C$41,'Scoring Rubrics'!$C$42)))) -> Slightly Reliable
A53: Note. n = 5. Weighted mean = Σ(f × rating) ÷ n. Interpretation based on the scoring rubric for reliability: 4.21 – 5.00 = Highly Reliable; 3.41 – 4.20 = Reliable; 2.61 – 3.40 = Slightly Reliable; 1.81 – 2.60 = Unreliable; 1.00 – 1.80 = Non-Reliable.
A56: Table 6
A57: Maintainability — Refers to how well a system can be modified to improve, correct or adapt to changes in the environment as well as requirements. (As Rated by IT Experts, N = 5)
A58: Item Statement | B58: Highly Suitable/ Efficient (5) | D58: Suitable/ Efficient (4) | F58: Moderately Suitable (3) | H58: Unsuitable/ Inefficient (2) | J58: Highly Unsuitable (1) | L58: Weighted Mean | M58: Qualitative Remarks
B59: f | C59: % | D59: f | E59: % | F59: f | G59: % | H59: f | I59: % | J59: f | K59: %
A60: The decoupled codebase is well-structured, separating the Laravel REST API backend from the lonic Angular frontend for easy maintenance | B60: ='IT Experts'!I32 -> 1 | C60: ='IT Experts'!I32/COUNT('IT Experts'!$C32:$G32) -> 0.2 | D60: ='IT Experts'!J32 -> 1 | E60: ='IT Experts'!J32/COUNT('IT Experts'!$C32:$G32) -> 0.2 | F60: ='IT Experts'!K32 -> 1 | G60: ='IT Experts'!K32/COUNT('IT Experts'!$C32:$G32) -> 0.2 | H60: ='IT Experts'!L32 -> 1 | I60: ='IT Experts'!L32/COUNT('IT Experts'!$C32:$G32) -> 0.2 | J60: ='IT Experts'!M32 -> 1 | K60: ='IT Experts'!M32/COUNT('IT Experts'!$C32:$G32) -> 0.2 | L60: ='IT Experts'!H32 -> 3 | M60: =IF('IT Experts'!H32>='Scoring Rubrics'!$A$54,'Scoring Rubrics'!$C$54,IF('IT Experts'!H32>='Scoring Rubrics'!$A$55,'Scoring Rubrics'!$C$55,IF('IT Experts'!H32>='Scoring Rubrics'!$A$56,'Scoring Rubrics'!$C$56,IF('IT Experts'!H32>='Scoring Rubrics'!$A$57,'Scoring Rubrics'!$C$57,'Scoring Rubrics'!$C$58)))) -> Less Maintainable
A61: System logs, user activity logs, and audit trails are easily accessible for administrative troubleshooting. | B61: ='IT Experts'!I33 -> 2 | C61: ='IT Experts'!I33/COUNT('IT Experts'!$C33:$G33) -> 0.4 | D61: ='IT Experts'!J33 -> 2 | E61: ='IT Experts'!J33/COUNT('IT Experts'!$C33:$G33) -> 0.4 | F61: ='IT Experts'!K33 -> 0 | G61: ='IT Experts'!K33/COUNT('IT Experts'!$C33:$G33) -> 0 | H61: ='IT Experts'!L33 -> 0 | I61: ='IT Experts'!L33/COUNT('IT Experts'!$C33:$G33) -> 0 | J61: ='IT Experts'!M33 -> 1 | K61: ='IT Experts'!M33/COUNT('IT Experts'!$C33:$G33) -> 0.2 | L61: ='IT Experts'!H33 -> 3.8 | M61: =IF('IT Experts'!H33>='Scoring Rubrics'!$A$54,'Scoring Rubrics'!$C$54,IF('IT Experts'!H33>='Scoring Rubrics'!$A$55,'Scoring Rubrics'!$C$55,IF('IT Experts'!H33>='Scoring Rubrics'!$A$56,'Scoring Rubrics'!$C$56,IF('IT Experts'!H33>='Scoring Rubrics'!$A$57,'Scoring Rubrics'!$C$57,'Scoring Rubrics'!$C$58)))) -> Maintainable
A62: The modular architecture allows developers to calibrate specific parameters such as fare matrices and geofence boundaries independently. | B62: ='IT Experts'!I34 -> 0 | C62: ='IT Experts'!I34/COUNT('IT Experts'!$C34:$G34) -> 0 | D62: ='IT Experts'!J34 -> 1 | E62: ='IT Experts'!J34/COUNT('IT Experts'!$C34:$G34) -> 0.2 | F62: ='IT Experts'!K34 -> 0 | G62: ='IT Experts'!K34/COUNT('IT Experts'!$C34:$G34) -> 0 | H62: ='IT Experts'!L34 -> 2 | I62: ='IT Experts'!L34/COUNT('IT Experts'!$C34:$G34) -> 0.4 | J62: ='IT Experts'!M34 -> 2 | K62: ='IT Experts'!M34/COUNT('IT Experts'!$C34:$G34) -> 0.4 | L62: ='IT Experts'!H34 -> 2 | M62: =IF('IT Experts'!H34>='Scoring Rubrics'!$A$54,'Scoring Rubrics'!$C$54,IF('IT Experts'!H34>='Scoring Rubrics'!$A$55,'Scoring Rubrics'!$C$55,IF('IT Experts'!H34>='Scoring Rubrics'!$A$56,'Scoring Rubrics'!$C$56,IF('IT Experts'!H34>='Scoring Rubrics'!$A$57,'Scoring Rubrics'!$C$57,'Scoring Rubrics'!$C$58)))) -> Hardly Maintainable
A63: Category Weighted Mean | L63: ='IT Experts'!H35 -> 2.9333333 | M63: =IF('IT Experts'!H35>='Scoring Rubrics'!$A$54,'Scoring Rubrics'!$C$54,IF('IT Experts'!H35>='Scoring Rubrics'!$A$55,'Scoring Rubrics'!$C$55,IF('IT Experts'!H35>='Scoring Rubrics'!$A$56,'Scoring Rubrics'!$C$56,IF('IT Experts'!H35>='Scoring Rubrics'!$A$57,'Scoring Rubrics'!$C$57,'Scoring Rubrics'!$C$58)))) -> Less Maintainable
A64: Note. n = 5. Weighted mean = Σ(f × rating) ÷ n. Interpretation based on the scoring rubric for maintainability: 4.21 – 5.00 = Highly Maintainable; 3.41 – 4.20 = Maintainable; 2.61 – 3.40 = Less Maintainable; 1.81 – 2.60 = Hardly Maintainable; 1.00 – 1.80 = Not Maintainable.
A67: Table 7
A68: Flexibility — The degree to which a product can be adapted to changes in its requirements, contexts of use or system environment. (As Rated by IT Experts, N = 5)
A69: Item Statement | B69: Highly Suitable/ Efficient (5) | D69: Suitable/ Efficient (4) | F69: Moderately Suitable (3) | H69: Unsuitable/ Inefficient (2) | J69: Highly Unsuitable (1) | L69: Weighted Mean | M69: Qualitative Remarks
B70: f | C70: % | D70: f | E70: % | F70: f | G70: % | H70: f | I70: % | J70: f | K70: %
A71: The system architecture can be easily adjusted to accommodate changes in TODA dispatching rules and geofence radius settings. | B71: ='IT Experts'!I37 -> 1 | C71: ='IT Experts'!I37/COUNT('IT Experts'!$C37:$G37) -> 0.2 | D71: ='IT Experts'!J37 -> 3 | E71: ='IT Experts'!J37/COUNT('IT Experts'!$C37:$G37) -> 0.6 | F71: ='IT Experts'!K37 -> 1 | G71: ='IT Experts'!K37/COUNT('IT Experts'!$C37:$G37) -> 0.2 | H71: ='IT Experts'!L37 -> 0 | I71: ='IT Experts'!L37/COUNT('IT Experts'!$C37:$G37) -> 0 | J71: ='IT Experts'!M37 -> 0 | K71: ='IT Experts'!M37/COUNT('IT Experts'!$C37:$G37) -> 0 | L71: ='IT Experts'!H37 -> 4 | M71: =IF('IT Experts'!H37>='Scoring Rubrics'!$A$62,'Scoring Rubrics'!$C$62,IF('IT Experts'!H37>='Scoring Rubrics'!$A$63,'Scoring Rubrics'!$C$63,IF('IT Experts'!H37>='Scoring Rubrics'!$A$64,'Scoring Rubrics'!$C$64,IF('IT Experts'!H37>='Scoring Rubrics'!$A$65,'Scoring Rubrics'!$C$65,'Scoring Rubrics'!$C$66)))) -> Flexible
A72: The database structure and REST API can scale to support an expansion in subdivision coverage areas or additional transport terminals. | B72: ='IT Experts'!I38 -> 0 | C72: ='IT Experts'!I38/COUNT('IT Experts'!$C38:$G38) -> 0 | D72: ='IT Experts'!J38 -> 4 | E72: ='IT Experts'!J38/COUNT('IT Experts'!$C38:$G38) -> 0.8 | F72: ='IT Experts'!K38 -> 1 | G72: ='IT Experts'!K38/COUNT('IT Experts'!$C38:$G38) -> 0.2 | H72: ='IT Experts'!L38 -> 0 | I72: ='IT Experts'!L38/COUNT('IT Experts'!$C38:$G38) -> 0 | J72: ='IT Experts'!M38 -> 0 | K72: ='IT Experts'!M38/COUNT('IT Experts'!$C38:$G38) -> 0 | L72: ='IT Experts'!H38 -> 3.8 | M72: =IF('IT Experts'!H38>='Scoring Rubrics'!$A$62,'Scoring Rubrics'!$C$62,IF('IT Experts'!H38>='Scoring Rubrics'!$A$63,'Scoring Rubrics'!$C$63,IF('IT Experts'!H38>='Scoring Rubrics'!$A$64,'Scoring Rubrics'!$C$64,IF('IT Experts'!H38>='Scoring Rubrics'!$A$65,'Scoring Rubrics'!$C$65,'Scoring Rubrics'!$C$66)))) -> Flexible
A73: The MapLibre GL map configuration allows switching tile providers and styling layers without modifying core application logic. | B73: ='IT Experts'!I39 -> 1 | C73: ='IT Experts'!I39/COUNT('IT Experts'!$C39:$G39) -> 0.2 | D73: ='IT Experts'!J39 -> 0 | E73: ='IT Experts'!J39/COUNT('IT Experts'!$C39:$G39) -> 0 | F73: ='IT Experts'!K39 -> 4 | G73: ='IT Experts'!K39/COUNT('IT Experts'!$C39:$G39) -> 0.8 | H73: ='IT Experts'!L39 -> 0 | I73: ='IT Experts'!L39/COUNT('IT Experts'!$C39:$G39) -> 0 | J73: ='IT Experts'!M39 -> 0 | K73: ='IT Experts'!M39/COUNT('IT Experts'!$C39:$G39) -> 0 | L73: ='IT Experts'!H39 -> 3.4 | M73: =IF('IT Experts'!H39>='Scoring Rubrics'!$A$62,'Scoring Rubrics'!$C$62,IF('IT Experts'!H39>='Scoring Rubrics'!$A$63,'Scoring Rubrics'!$C$63,IF('IT Experts'!H39>='Scoring Rubrics'!$A$64,'Scoring Rubrics'!$C$64,IF('IT Experts'!H39>='Scoring Rubrics'!$A$65,'Scoring Rubrics'!$C$65,'Scoring Rubrics'!$C$66)))) -> Less Flexible
A74: Category Weighted Mean | L74: ='IT Experts'!H40 -> 3.7333333 | M74: =IF('IT Experts'!H40>='Scoring Rubrics'!$A$62,'Scoring Rubrics'!$C$62,IF('IT Experts'!H40>='Scoring Rubrics'!$A$63,'Scoring Rubrics'!$C$63,IF('IT Experts'!H40>='Scoring Rubrics'!$A$64,'Scoring Rubrics'!$C$64,IF('IT Experts'!H40>='Scoring Rubrics'!$A$65,'Scoring Rubrics'!$C$65,'Scoring Rubrics'!$C$66)))) -> Flexible
A75: Note. n = 5. Weighted mean = Σ(f × rating) ÷ n. Interpretation based on the scoring rubric for flexibility: 4.21 – 5.00 = Highly Flexible; 3.41 – 4.20 = Flexible; 2.61 – 3.40 = Less Flexible; 1.81 – 2.60 = Hardly Flexible; 1.00 – 1.80 = Not Flexible.
A78: Table 8
A79: Safety — The degree to which a product avoids a state in which human life, health, property, or the environment is endangered. (As Rated by IT Experts, N = 5)
A80: Item Statement | B80: Highly Suitable/ Efficient (5) | D80: Suitable/ Efficient (4) | F80: Moderately Suitable (3) | H80: Unsuitable/ Inefficient (2) | J80: Highly Unsuitable (1) | L80: Weighted Mean | M80: Qualitative Remarks
B81: f | C81: % | D81: f | E81: % | F81: f | G81: % | H81: f | I81: % | J81: f | K81: %
A82: The system background tracking processes terminate upon trip completion to protect user location privacy and prevent unwarranted surveillance. | B82: ='IT Experts'!I42 -> 0 | C82: ='IT Experts'!I42/COUNT('IT Experts'!$C42:$G42) -> 0 | D82: ='IT Experts'!J42 -> 5 | E82: ='IT Experts'!J42/COUNT('IT Experts'!$C42:$G42) -> 1 | F82: ='IT Experts'!K42 -> 0 | G82: ='IT Experts'!K42/COUNT('IT Experts'!$C42:$G42) -> 0 | H82: ='IT Experts'!L42 -> 0 | I82: ='IT Experts'!L42/COUNT('IT Experts'!$C42:$G42) -> 0 | J82: ='IT Experts'!M42 -> 0 | K82: ='IT Experts'!M42/COUNT('IT Experts'!$C42:$G42) -> 0 | L82: ='IT Experts'!H42 -> 4 | M82: =IF('IT Experts'!H42>='Scoring Rubrics'!$A$70,'Scoring Rubrics'!$C$70,IF('IT Experts'!H42>='Scoring Rubrics'!$A$71,'Scoring Rubrics'!$C$71,IF('IT Experts'!H42>='Scoring Rubrics'!$A$72,'Scoring Rubrics'!$C$72,IF('IT Experts'!H42>='Scoring Rubrics'!$A$73,'Scoring Rubrics'!$C$73,'Scoring Rubrics'!$C$74)))) -> Safe
A83: The application deployment safeguards existing cooperative operational data and transaction history against accidental loss. | B83: ='IT Experts'!I43 -> 1 | C83: ='IT Experts'!I43/COUNT('IT Experts'!$C43:$G43) -> 0.2 | D83: ='IT Experts'!J43 -> 4 | E83: ='IT Experts'!J43/COUNT('IT Experts'!$C43:$G43) -> 0.8 | F83: ='IT Experts'!K43 -> 0 | G83: ='IT Experts'!K43/COUNT('IT Experts'!$C43:$G43) -> 0 | H83: ='IT Experts'!L43 -> 0 | I83: ='IT Experts'!L43/COUNT('IT Experts'!$C43:$G43) -> 0 | J83: ='IT Experts'!M43 -> 0 | K83: ='IT Experts'!M43/COUNT('IT Experts'!$C43:$G43) -> 0 | L83: ='IT Experts'!H43 -> 4.2 | M83: =IF('IT Experts'!H43>='Scoring Rubrics'!$A$70,'Scoring Rubrics'!$C$70,IF('IT Experts'!H43>='Scoring Rubrics'!$A$71,'Scoring Rubrics'!$C$71,IF('IT Experts'!H43>='Scoring Rubrics'!$A$72,'Scoring Rubrics'!$C$72,IF('IT Experts'!H43>='Scoring Rubrics'!$A$73,'Scoring Rubrics'!$C$73,'Scoring Rubrics'!$C$74)))) -> Safe
A84: The system includes emergency maintenance controls and automated fail-safes that protect organizational records during server updates. | B84: ='IT Experts'!I44 -> 0 | C84: ='IT Experts'!I44/COUNT('IT Experts'!$C44:$G44) -> 0 | D84: ='IT Experts'!J44 -> 3 | E84: ='IT Experts'!J44/COUNT('IT Experts'!$C44:$G44) -> 0.6 | F84: ='IT Experts'!K44 -> 2 | G84: ='IT Experts'!K44/COUNT('IT Experts'!$C44:$G44) -> 0.4 | H84: ='IT Experts'!L44 -> 0 | I84: ='IT Experts'!L44/COUNT('IT Experts'!$C44:$G44) -> 0 | J84: ='IT Experts'!M44 -> 0 | K84: ='IT Experts'!M44/COUNT('IT Experts'!$C44:$G44) -> 0 | L84: ='IT Experts'!H44 -> 3.6 | M84: =IF('IT Experts'!H44>='Scoring Rubrics'!$A$70,'Scoring Rubrics'!$C$70,IF('IT Experts'!H44>='Scoring Rubrics'!$A$71,'Scoring Rubrics'!$C$71,IF('IT Experts'!H44>='Scoring Rubrics'!$A$72,'Scoring Rubrics'!$C$72,IF('IT Experts'!H44>='Scoring Rubrics'!$A$73,'Scoring Rubrics'!$C$73,'Scoring Rubrics'!$C$74)))) -> Safe
A85: Category Weighted Mean | L85: ='IT Experts'!H45 -> 3.9333333 | M85: =IF('IT Experts'!H45>='Scoring Rubrics'!$A$70,'Scoring Rubrics'!$C$70,IF('IT Experts'!H45>='Scoring Rubrics'!$A$71,'Scoring Rubrics'!$C$71,IF('IT Experts'!H45>='Scoring Rubrics'!$A$72,'Scoring Rubrics'!$C$72,IF('IT Experts'!H45>='Scoring Rubrics'!$A$73,'Scoring Rubrics'!$C$73,'Scoring Rubrics'!$C$74)))) -> Safe
A86: Note. n = 5. Weighted mean = Σ(f × rating) ÷ n. Interpretation based on the scoring rubric for safety: 4.21 – 5.00 = Highly Safe; 3.41 – 4.20 = Safe; 2.61 – 3.40 = Slightly Unsafe; 1.81 – 2.60 = Unsafe; 1.00 – 1.80 = Highly Unsafe.
A89: Table 9
A90: Summary of Weighted Means on the ISO/IEC 25010:2023 Quality Characteristics as Rated by IT Experts (N = 5)
A91: Criterion | B91: Weighted Mean | D91: Qualitative Remarks
A92: Functional Suitability | B92: ='IT Experts'!H10 -> 4.8666667 | D92: =IF('IT Experts'!H10>='Scoring Rubrics'!$A$6,'Scoring Rubrics'!$C$6,IF('IT Experts'!H10>='Scoring Rubrics'!$A$7,'Scoring Rubrics'!$C$7,IF('IT Experts'!H10>='Scoring Rubrics'!$A$8,'Scoring Rubrics'!$C$8,IF('IT Experts'!H10>='Scoring Rubrics'!$A$9,'Scoring Rubrics'!$C$9,'Scoring Rubrics'!$C$10)))) -> Highly Suitable
A93: Performance Efficiency | B93: ='IT Experts'!H15 -> 4.0666667 | D93: =IF('IT Experts'!H15>='Scoring Rubrics'!$A$14,'Scoring Rubrics'!$C$14,IF('IT Experts'!H15>='Scoring Rubrics'!$A$15,'Scoring Rubrics'!$C$15,IF('IT Experts'!H15>='Scoring Rubrics'!$A$16,'Scoring Rubrics'!$C$16,IF('IT Experts'!H15>='Scoring Rubrics'!$A$17,'Scoring Rubrics'!$C$17,'Scoring Rubrics'!$C$18)))) -> Efficient
A94: Compatibility | B94: ='IT Experts'!H20 -> 3.8 | D94: =IF('IT Experts'!H20>='Scoring Rubrics'!$A$22,'Scoring Rubrics'!$C$22,IF('IT Experts'!H20>='Scoring Rubrics'!$A$23,'Scoring Rubrics'!$C$23,IF('IT Experts'!H20>='Scoring Rubrics'!$A$24,'Scoring Rubrics'!$C$24,IF('IT Experts'!H20>='Scoring Rubrics'!$A$25,'Scoring Rubrics'!$C$25,'Scoring Rubrics'!$C$26)))) -> Compatible
A95: Interaction Capability | B95: ='IT Experts'!H25 -> 4.3333333 | D95: =IF('IT Experts'!H25>='Scoring Rubrics'!$A$30,'Scoring Rubrics'!$C$30,IF('IT Experts'!H25>='Scoring Rubrics'!$A$31,'Scoring Rubrics'!$C$31,IF('IT Experts'!H25>='Scoring Rubrics'!$A$32,'Scoring Rubrics'!$C$32,IF('IT Experts'!H25>='Scoring Rubrics'!$A$33,'Scoring Rubrics'!$C$33,'Scoring Rubrics'!$C$34)))) -> Highly Interactive
A96: Reliability | B96: ='IT Experts'!H30 -> 3.3333333 | D96: =IF('IT Experts'!H30>='Scoring Rubrics'!$A$38,'Scoring Rubrics'!$C$38,IF('IT Experts'!H30>='Scoring Rubrics'!$A$39,'Scoring Rubrics'!$C$39,IF('IT Experts'!H30>='Scoring Rubrics'!$A$40,'Scoring Rubrics'!$C$40,IF('IT Experts'!H30>='Scoring Rubrics'!$A$41,'Scoring Rubrics'!$C$41,'Scoring Rubrics'!$C$42)))) -> Slightly Reliable
A97: Maintainability | B97: ='IT Experts'!H35 -> 2.9333333 | D97: =IF('IT Experts'!H35>='Scoring Rubrics'!$A$54,'Scoring Rubrics'!$C$54,IF('IT Experts'!H35>='Scoring Rubrics'!$A$55,'Scoring Rubrics'!$C$55,IF('IT Experts'!H35>='Scoring Rubrics'!$A$56,'Scoring Rubrics'!$C$56,IF('IT Experts'!H35>='Scoring Rubrics'!$A$57,'Scoring Rubrics'!$C$57,'Scoring Rubrics'!$C$58)))) -> Less Maintainable
A98: Flexibility | B98: ='IT Experts'!H40 -> 3.7333333 | D98: =IF('IT Experts'!H40>='Scoring Rubrics'!$A$62,'Scoring Rubrics'!$C$62,IF('IT Experts'!H40>='Scoring Rubrics'!$A$63,'Scoring Rubrics'!$C$63,IF('IT Experts'!H40>='Scoring Rubrics'!$A$64,'Scoring Rubrics'!$C$64,IF('IT Experts'!H40>='Scoring Rubrics'!$A$65,'Scoring Rubrics'!$C$65,'Scoring Rubrics'!$C$66)))) -> Flexible
A99: Safety | B99: ='IT Experts'!H45 -> 3.9333333 | D99: =IF('IT Experts'!H45>='Scoring Rubrics'!$A$70,'Scoring Rubrics'!$C$70,IF('IT Experts'!H45>='Scoring Rubrics'!$A$71,'Scoring Rubrics'!$C$71,IF('IT Experts'!H45>='Scoring Rubrics'!$A$72,'Scoring Rubrics'!$C$72,IF('IT Experts'!H45>='Scoring Rubrics'!$A$73,'Scoring Rubrics'!$C$73,'Scoring Rubrics'!$C$74)))) -> Safe
A100: Overall Weighted Mean | B100: ='IT Experts'!H47 -> 3.875 | D100: =IF('IT Experts'!H47>='Scoring Rubrics'!$A$86,'Scoring Rubrics'!$C$86,IF('IT Experts'!H47>='Scoring Rubrics'!$A$87,'Scoring Rubrics'!$C$87,IF('IT Experts'!H47>='Scoring Rubrics'!$A$88,'Scoring Rubrics'!$C$88,IF('IT Experts'!H47>='Scoring Rubrics'!$A$89,'Scoring Rubrics'!$C$89,'Scoring Rubrics'!$C$90)))) -> Suitable/Efficient
A101: Note. n = 5. Weighted mean = Σ(f × rating) ÷ n. Each characteristic is interpreted with its own scoring rubric (see Scoring Rubrics sheet); the overall weighted mean uses the instrument rating scale: 4.21 – 5.00 = Highly Suitable/Efficient; 3.41 – 4.20 = Suitable/Efficient; 2.61 – 3.40 = Moderately Suitable; 1.81 – 2.60 = Unsuitable/Inefficient; 1.00 – 1.80 = Highly Unsuitable.

Sheet APA Results - End-Users
A1: Table 10
A2: Functional Suitability — The degree to which the system provides functions that meet stated and implied needs when used under specified conditions. (As Rated by End-Users, N = 30) | O2: Note:
A3: Item Statement | B3: Strongly Agree (5) | D3: Agree (4) | F3: Neutral (3) | H3: Disagree (2) | J3: Strongly Disagree (1) | L3: Weighted Mean | M3: Qualitative Remarks | O3: Copy and paste these tables in word file for Chapter 3
B4: f | C4: % | D4: f | E4: % | F4: f | G4: % | H4: f | I4: % | J4: f | K4: %
A5: The application accurately fulfills its intended role for my daily transport needs (booking rides, queuing at the terminal, or administrative monitoring). | B5: ='End-Users'!AH7 -> 17 | C5: ='End-Users'!AH7/COUNT('End-Users'!$C7:$AF7) -> 0.56666667 | D5: ='End-Users'!AI7 -> 7 | E5: ='End-Users'!AI7/COUNT('End-Users'!$C7:$AF7) -> 0.23333333 | F5: ='End-Users'!AJ7 -> 6 | G5: ='End-Users'!AJ7/COUNT('End-Users'!$C7:$AF7) -> 0.2 | H5: ='End-Users'!AK7 -> 0 | I5: ='End-Users'!AK7/COUNT('End-Users'!$C7:$AF7) -> 0 | J5: ='End-Users'!AL7 -> 0 | K5: ='End-Users'!AL7/COUNT('End-Users'!$C7:$AF7) -> 0 | L5: ='End-Users'!AG7 -> 4.3666667 | M5: =IF('End-Users'!AG7>='Scoring Rubrics'!$A$6,'Scoring Rubrics'!$C$6,IF('End-Users'!AG7>='Scoring Rubrics'!$A$7,'Scoring Rubrics'!$C$7,IF('End-Users'!AG7>='Scoring Rubrics'!$A$8,'Scoring Rubrics'!$C$8,IF('End-Users'!AG7>='Scoring Rubrics'!$A$9,'Scoring Rubrics'!$C$9,'Scoring Rubrics'!$C$10)))) -> Highly Suitable
A6: The live terminal queue and "Next-in-Line" status provide clear and accurate visibility of tricycle availability. | B6: ='End-Users'!AH8 -> 23 | C6: ='End-Users'!AH8/COUNT('End-Users'!$C8:$AF8) -> 0.76666667 | D6: ='End-Users'!AI8 -> 6 | E6: ='End-Users'!AI8/COUNT('End-Users'!$C8:$AF8) -> 0.2 | F6: ='End-Users'!AJ8 -> 1 | G6: ='End-Users'!AJ8/COUNT('End-Users'!$C8:$AF8) -> 0.033333333 | H6: ='End-Users'!AK8 -> 0 | I6: ='End-Users'!AK8/COUNT('End-Users'!$C8:$AF8) -> 0 | J6: ='End-Users'!AL8 -> 0 | K6: ='End-Users'!AL8/COUNT('End-Users'!$C8:$AF8) -> 0 | L6: ='End-Users'!AG8 -> 4.7333333 | M6: =IF('End-Users'!AG8>='Scoring Rubrics'!$A$6,'Scoring Rubrics'!$C$6,IF('End-Users'!AG8>='Scoring Rubrics'!$A$7,'Scoring Rubrics'!$C$7,IF('End-Users'!AG8>='Scoring Rubrics'!$A$8,'Scoring Rubrics'!$C$8,IF('End-Users'!AG8>='Scoring Rubrics'!$A$9,'Scoring Rubrics'!$C$9,'Scoring Rubrics'!$C$10)))) -> Highly Suitable
A7: The system allows me to easily access and review my personal activity records (trip history, fare breakdown, or TODA compliance logs). | B7: ='End-Users'!AH9 -> 21 | C7: ='End-Users'!AH9/COUNT('End-Users'!$C9:$AF9) -> 0.7 | D7: ='End-Users'!AI9 -> 7 | E7: ='End-Users'!AI9/COUNT('End-Users'!$C9:$AF9) -> 0.23333333 | F7: ='End-Users'!AJ9 -> 2 | G7: ='End-Users'!AJ9/COUNT('End-Users'!$C9:$AF9) -> 0.066666667 | H7: ='End-Users'!AK9 -> 0 | I7: ='End-Users'!AK9/COUNT('End-Users'!$C9:$AF9) -> 0 | J7: ='End-Users'!AL9 -> 0 | K7: ='End-Users'!AL9/COUNT('End-Users'!$C9:$AF9) -> 0 | L7: ='End-Users'!AG9 -> 4.6333333 | M7: =IF('End-Users'!AG9>='Scoring Rubrics'!$A$6,'Scoring Rubrics'!$C$6,IF('End-Users'!AG9>='Scoring Rubrics'!$A$7,'Scoring Rubrics'!$C$7,IF('End-Users'!AG9>='Scoring Rubrics'!$A$8,'Scoring Rubrics'!$C$8,IF('End-Users'!AG9>='Scoring Rubrics'!$A$9,'Scoring Rubrics'!$C$9,'Scoring Rubrics'!$C$10)))) -> Highly Suitable
A8: Category Weighted Mean | L8: ='End-Users'!AG10 -> 4.5777778 | M8: =IF('End-Users'!AG10>='Scoring Rubrics'!$A$6,'Scoring Rubrics'!$C$6,IF('End-Users'!AG10>='Scoring Rubrics'!$A$7,'Scoring Rubrics'!$C$7,IF('End-Users'!AG10>='Scoring Rubrics'!$A$8,'Scoring Rubrics'!$C$8,IF('End-Users'!AG10>='Scoring Rubrics'!$A$9,'Scoring Rubrics'!$C$9,'Scoring Rubrics'!$C$10)))) -> Highly Suitable
A9: Note. n = 30. Weighted mean = Σ(f × rating) ÷ n. Interpretation based on the scoring rubric for functional suitability: 4.21 – 5.00 = Highly Suitable; 3.41 – 4.20 = Suitable; 2.61 – 3.40 = Somewhat Suitable; 1.81 – 2.60 = Unsuitable; 1.00 – 1.80 = Highly Unsuitable.
A12: Table 11
A13: Performance Efficiency — Relative to the number of resources used under stated conditions. (As Rated by End-Users, N = 30)
A14: Item Statement | B14: Strongly Agree (5) | D14: Agree (4) | F14: Neutral (3) | H14: Disagree (2) | J14: Strongly Disagree (1) | L14: Weighted Mean | M14: Qualitative Remarks
B15: f | C15: % | D15: f | E15: % | F15: f | G15: % | H15: f | I15: % | J15: f | K15: %
A16: The Progressive Web Application loads quickly and operates smoothly on my smartphone without causing device sluggishness. | B16: ='End-Users'!AH12 -> 24 | C16: ='End-Users'!AH12/COUNT('End-Users'!$C12:$AF12) -> 0.8 | D16: ='End-Users'!AI12 -> 3 | E16: ='End-Users'!AI12/COUNT('End-Users'!$C12:$AF12) -> 0.1 | F16: ='End-Users'!AJ12 -> 3 | G16: ='End-Users'!AJ12/COUNT('End-Users'!$C12:$AF12) -> 0.1 | H16: ='End-Users'!AK12 -> 0 | I16: ='End-Users'!AK12/COUNT('End-Users'!$C12:$AF12) -> 0 | J16: ='End-Users'!AL12 -> 0 | K16: ='End-Users'!AL12/COUNT('End-Users'!$C12:$AF12) -> 0 | L16: ='End-Users'!AG12 -> 4.7 | M16: =IF('End-Users'!AG12>='Scoring Rubrics'!$A$14,'Scoring Rubrics'!$C$14,IF('End-Users'!AG12>='Scoring Rubrics'!$A$15,'Scoring Rubrics'!$C$15,IF('End-Users'!AG12>='Scoring Rubrics'!$A$16,'Scoring Rubrics'!$C$16,IF('End-Users'!AG12>='Scoring Rubrics'!$A$17,'Scoring Rubrics'!$C$17,'Scoring Rubrics'!$C$18)))) -> Highly Efficient
A17: Real-time updates (ride alerts, dispatch notifications, and queue position changes) appear without noticeable delay. | B17: ='End-Users'!AH13 -> 24 | C17: ='End-Users'!AH13/COUNT('End-Users'!$C13:$AF13) -> 0.8 | D17: ='End-Users'!AI13 -> 6 | E17: ='End-Users'!AI13/COUNT('End-Users'!$C13:$AF13) -> 0.2 | F17: ='End-Users'!AJ13 -> 0 | G17: ='End-Users'!AJ13/COUNT('End-Users'!$C13:$AF13) -> 0 | H17: ='End-Users'!AK13 -> 0 | I17: ='End-Users'!AK13/COUNT('End-Users'!$C13:$AF13) -> 0 | J17: ='End-Users'!AL13 -> 0 | K17: ='End-Users'!AL13/COUNT('End-Users'!$C13:$AF13) -> 0 | L17: ='End-Users'!AG13 -> 4.8 | M17: =IF('End-Users'!AG13>='Scoring Rubrics'!$A$14,'Scoring Rubrics'!$C$14,IF('End-Users'!AG13>='Scoring Rubrics'!$A$15,'Scoring Rubrics'!$C$15,IF('End-Users'!AG13>='Scoring Rubrics'!$A$16,'Scoring Rubrics'!$C$16,IF('End-Users'!AG13>='Scoring Rubrics'!$A$17,'Scoring Rubrics'!$C$17,'Scoring Rubrics'!$C$18)))) -> Highly Efficient
A18: The application runs efficiently in the background during active sessions without excessive battery consumption. | B18: ='End-Users'!AH14 -> 24 | C18: ='End-Users'!AH14/COUNT('End-Users'!$C14:$AF14) -> 0.8 | D18: ='End-Users'!AI14 -> 2 | E18: ='End-Users'!AI14/COUNT('End-Users'!$C14:$AF14) -> 0.066666667 | F18: ='End-Users'!AJ14 -> 4 | G18: ='End-Users'!AJ14/COUNT('End-Users'!$C14:$AF14) -> 0.13333333 | H18: ='End-Users'!AK14 -> 0 | I18: ='End-Users'!AK14/COUNT('End-Users'!$C14:$AF14) -> 0 | J18: ='End-Users'!AL14 -> 0 | K18: ='End-Users'!AL14/COUNT('End-Users'!$C14:$AF14) -> 0 | L18: ='End-Users'!AG14 -> 4.6666667 | M18: =IF('End-Users'!AG14>='Scoring Rubrics'!$A$14,'Scoring Rubrics'!$C$14,IF('End-Users'!AG14>='Scoring Rubrics'!$A$15,'Scoring Rubrics'!$C$15,IF('End-Users'!AG14>='Scoring Rubrics'!$A$16,'Scoring Rubrics'!$C$16,IF('End-Users'!AG14>='Scoring Rubrics'!$A$17,'Scoring Rubrics'!$C$17,'Scoring Rubrics'!$C$18)))) -> Highly Efficient
A19: Category Weighted Mean | L19: ='End-Users'!AG15 -> 4.7222222 | M19: =IF('End-Users'!AG15>='Scoring Rubrics'!$A$14,'Scoring Rubrics'!$C$14,IF('End-Users'!AG15>='Scoring Rubrics'!$A$15,'Scoring Rubrics'!$C$15,IF('End-Users'!AG15>='Scoring Rubrics'!$A$16,'Scoring Rubrics'!$C$16,IF('End-Users'!AG15>='Scoring Rubrics'!$A$17,'Scoring Rubrics'!$C$17,'Scoring Rubrics'!$C$18)))) -> Highly Efficient
A20: Note. n = 30. Weighted mean = Σ(f × rating) ÷ n. Interpretation based on the scoring rubric for performance efficiency: 4.21 – 5.00 = Highly Efficient; 3.41 – 4.20 = Efficient; 2.61 – 3.40 = Less Efficient; 1.81 – 2.60 = Inefficient; 1.00 – 1.80 = Highly Inefficient.
A23: Table 12
A24: Interaction Capability — The degree to which a system can be interacted with by specified users to exchange information through the user interface to complete the intended task. (As Rated by End-Users, N = 30)
A25: Item Statement | B25: Strongly Agree (5) | D25: Agree (4) | F25: Neutral (3) | H25: Disagree (2) | J25: Strongly Disagree (1) | L25: Weighted Mean | M25: Qualitative Remarks
B26: f | C26: % | D26: f | E26: % | F26: f | G26: % | H26: f | I26: % | J26: f | K26: %
A27: The user interface (buttons, input fields, navigation tabs) is intuitive and easy to use without requiring technical training. | B27: ='End-Users'!AH17 -> 21 | C27: ='End-Users'!AH17/COUNT('End-Users'!$C17:$AF17) -> 0.7 | D27: ='End-Users'!AI17 -> 5 | E27: ='End-Users'!AI17/COUNT('End-Users'!$C17:$AF17) -> 0.16666667 | F27: ='End-Users'!AJ17 -> 3 | G27: ='End-Users'!AJ17/COUNT('End-Users'!$C17:$AF17) -> 0.1 | H27: ='End-Users'!AK17 -> 1 | I27: ='End-Users'!AK17/COUNT('End-Users'!$C17:$AF17) -> 0.033333333 | J27: ='End-Users'!AL17 -> 0 | K27: ='End-Users'!AL17/COUNT('End-Users'!$C17:$AF17) -> 0 | L27: ='End-Users'!AG17 -> 4.5333333 | M27: =IF('End-Users'!AG17>='Scoring Rubrics'!$A$30,'Scoring Rubrics'!$C$30,IF('End-Users'!AG17>='Scoring Rubrics'!$A$31,'Scoring Rubrics'!$C$31,IF('End-Users'!AG17>='Scoring Rubrics'!$A$32,'Scoring Rubrics'!$C$32,IF('End-Users'!AG17>='Scoring Rubrics'!$A$33,'Scoring Rubrics'!$C$33,'Scoring Rubrics'!$C$34)))) -> Highly Interactive
A28: The platform provides clear and instant on-screen feedback whenever I perform an action (e.g., booking a ride, accepting a dispatch, or uploading documents). | B28: ='End-Users'!AH18 -> 22 | C28: ='End-Users'!AH18/COUNT('End-Users'!$C18:$AF18) -> 0.73333333 | D28: ='End-Users'!AI18 -> 6 | E28: ='End-Users'!AI18/COUNT('End-Users'!$C18:$AF18) -> 0.2 | F28: ='End-Users'!AJ18 -> 2 | G28: ='End-Users'!AJ18/COUNT('End-Users'!$C18:$AF18) -> 0.066666667 | H28: ='End-Users'!AK18 -> 0 | I28: ='End-Users'!AK18/COUNT('End-Users'!$C18:$AF18) -> 0 | J28: ='End-Users'!AL18 -> 0 | K28: ='End-Users'!AL18/COUNT('End-Users'!$C18:$AF18) -> 0 | L28: ='End-Users'!AG18 -> 4.6666667 | M28: =IF('End-Users'!AG18>='Scoring Rubrics'!$A$30,'Scoring Rubrics'!$C$30,IF('End-Users'!AG18>='Scoring Rubrics'!$A$31,'Scoring Rubrics'!$C$31,IF('End-Users'!AG18>='Scoring Rubrics'!$A$32,'Scoring Rubrics'!$C$32,IF('End-Users'!AG18>='Scoring Rubrics'!$A$33,'Scoring Rubrics'!$C$33,'Scoring Rubrics'!$C$34)))) -> Highly Interactive
A29: The text size, layout, and visual contrast make it effortless to read instructions and understand what action to take next. | B29: ='End-Users'!AH19 -> 6 | C29: ='End-Users'!AH19/COUNT('End-Users'!$C19:$AF19) -> 0.2 | D29: ='End-Users'!AI19 -> 9 | E29: ='End-Users'!AI19/COUNT('End-Users'!$C19:$AF19) -> 0.3 | F29: ='End-Users'!AJ19 -> 6 | G29: ='End-Users'!AJ19/COUNT('End-Users'!$C19:$AF19) -> 0.2 | H29: ='End-Users'!AK19 -> 4 | I29: ='End-Users'!AK19/COUNT('End-Users'!$C19:$AF19) -> 0.13333333 | J29: ='End-Users'!AL19 -> 5 | K29: ='End-Users'!AL19/COUNT('End-Users'!$C19:$AF19) -> 0.16666667 | L29: ='End-Users'!AG19 -> 3.2333333 | M29: =IF('End-Users'!AG19>='Scoring Rubrics'!$A$30,'Scoring Rubrics'!$C$30,IF('End-Users'!AG19>='Scoring Rubrics'!$A$31,'Scoring Rubrics'!$C$31,IF('End-Users'!AG19>='Scoring Rubrics'!$A$32,'Scoring Rubrics'!$C$32,IF('End-Users'!AG19>='Scoring Rubrics'!$A$33,'Scoring Rubrics'!$C$33,'Scoring Rubrics'!$C$34)))) -> Less Interactive
A30: Category Weighted Mean | L30: ='End-Users'!AG20 -> 4.1444444 | M30: =IF('End-Users'!AG20>='Scoring Rubrics'!$A$30,'Scoring Rubrics'!$C$30,IF('End-Users'!AG20>='Scoring Rubrics'!$A$31,'Scoring Rubrics'!$C$31,IF('End-Users'!AG20>='Scoring Rubrics'!$A$32,'Scoring Rubrics'!$C$32,IF('End-Users'!AG20>='Scoring Rubrics'!$A$33,'Scoring Rubrics'!$C$33,'Scoring Rubrics'!$C$34)))) -> Interactive
A31: Note. n = 30. Weighted mean = Σ(f × rating) ÷ n. Interpretation based on the scoring rubric for interaction capability: 4.21 – 5.00 = Highly Interactive; 3.41 – 4.20 = Interactive; 2.61 – 3.40 = Less Interactive; 1.81 – 2.60 = Poorly Interactive; 1.00 – 1.80 = Non-Interactive.
A34: Table 13
A35: Reliability — The degree to which the system performs specified functions under specified conditions for a specified period of time. (As Rated by End-Users, N = 30)
A36: Item Statement | B36: Strongly Agree (5) | D36: Agree (4) | F36: Neutral (3) | H36: Disagree (2) | J36: Strongly Disagree (1) | L36: Weighted Mean | M36: Qualitative Remarks
B37: f | C37: % | D37: f | E37: % | F37: f | G37: % | H37: f | I37: % | J37: f | K37: %
A38: The application remains stable and does not crash or freeze during active hailing and dispatching operations. | B38: ='End-Users'!AH22 -> 22 | C38: ='End-Users'!AH22/COUNT('End-Users'!$C22:$AF22) -> 0.73333333 | D38: ='End-Users'!AI22 -> 6 | E38: ='End-Users'!AI22/COUNT('End-Users'!$C22:$AF22) -> 0.2 | F38: ='End-Users'!AJ22 -> 2 | G38: ='End-Users'!AJ22/COUNT('End-Users'!$C22:$AF22) -> 0.066666667 | H38: ='End-Users'!AK22 -> 0 | I38: ='End-Users'!AK22/COUNT('End-Users'!$C22:$AF22) -> 0 | J38: ='End-Users'!AL22 -> 0 | K38: ='End-Users'!AL22/COUNT('End-Users'!$C22:$AF22) -> 0 | L38: ='End-Users'!AG22 -> 4.6666667 | M38: =IF('End-Users'!AG22>='Scoring Rubrics'!$A$38,'Scoring Rubrics'!$C$38,IF('End-Users'!AG22>='Scoring Rubrics'!$A$39,'Scoring Rubrics'!$C$39,IF('End-Users'!AG22>='Scoring Rubrics'!$A$40,'Scoring Rubrics'!$C$40,IF('End-Users'!AG22>='Scoring Rubrics'!$A$41,'Scoring Rubrics'!$C$41,'Scoring Rubrics'!$C$42)))) -> Highly Reliable
A39: The automated queue algorithm maintains strict fairness, properly managing turn-taking and queue recovery when rides are canceled. | B39: ='End-Users'!AH23 -> 23 | C39: ='End-Users'!AH23/COUNT('End-Users'!$C23:$AF23) -> 0.76666667 | D39: ='End-Users'!AI23 -> 3 | E39: ='End-Users'!AI23/COUNT('End-Users'!$C23:$AF23) -> 0.1 | F39: ='End-Users'!AJ23 -> 4 | G39: ='End-Users'!AJ23/COUNT('End-Users'!$C23:$AF23) -> 0.13333333 | H39: ='End-Users'!AK23 -> 0 | I39: ='End-Users'!AK23/COUNT('End-Users'!$C23:$AF23) -> 0 | J39: ='End-Users'!AL23 -> 0 | K39: ='End-Users'!AL23/COUNT('End-Users'!$C23:$AF23) -> 0 | L39: ='End-Users'!AG23 -> 4.6333333 | M39: =IF('End-Users'!AG23>='Scoring Rubrics'!$A$38,'Scoring Rubrics'!$C$38,IF('End-Users'!AG23>='Scoring Rubrics'!$A$39,'Scoring Rubrics'!$C$39,IF('End-Users'!AG23>='Scoring Rubrics'!$A$40,'Scoring Rubrics'!$C$40,IF('End-Users'!AG23>='Scoring Rubrics'!$A$41,'Scoring Rubrics'!$C$41,'Scoring Rubrics'!$C$42)))) -> Highly Reliable
A40: The system retains my current session and transaction state (queue slot or active ride request) even during brief cellular data or internet interruptions. | B40: ='End-Users'!AH24 -> 26 | C40: ='End-Users'!AH24/COUNT('End-Users'!$C24:$AF24) -> 0.86666667 | D40: ='End-Users'!AI24 -> 4 | E40: ='End-Users'!AI24/COUNT('End-Users'!$C24:$AF24) -> 0.13333333 | F40: ='End-Users'!AJ24 -> 0 | G40: ='End-Users'!AJ24/COUNT('End-Users'!$C24:$AF24) -> 0 | H40: ='End-Users'!AK24 -> 0 | I40: ='End-Users'!AK24/COUNT('End-Users'!$C24:$AF24) -> 0 | J40: ='End-Users'!AL24 -> 0 | K40: ='End-Users'!AL24/COUNT('End-Users'!$C24:$AF24) -> 0 | L40: ='End-Users'!AG24 -> 4.8666667 | M40: =IF('End-Users'!AG24>='Scoring Rubrics'!$A$38,'Scoring Rubrics'!$C$38,IF('End-Users'!AG24>='Scoring Rubrics'!$A$39,'Scoring Rubrics'!$C$39,IF('End-Users'!AG24>='Scoring Rubrics'!$A$40,'Scoring Rubrics'!$C$40,IF('End-Users'!AG24>='Scoring Rubrics'!$A$41,'Scoring Rubrics'!$C$41,'Scoring Rubrics'!$C$42)))) -> Highly Reliable
A41: Category Weighted Mean | L41: ='End-Users'!AG25 -> 4.7222222 | M41: =IF('End-Users'!AG25>='Scoring Rubrics'!$A$38,'Scoring Rubrics'!$C$38,IF('End-Users'!AG25>='Scoring Rubrics'!$A$39,'Scoring Rubrics'!$C$39,IF('End-Users'!AG25>='Scoring Rubrics'!$A$40,'Scoring Rubrics'!$C$40,IF('End-Users'!AG25>='Scoring Rubrics'!$A$41,'Scoring Rubrics'!$C$41,'Scoring Rubrics'!$C$42)))) -> Highly Reliable
A42: Note. n = 30. Weighted mean = Σ(f × rating) ÷ n. Interpretation based on the scoring rubric for reliability: 4.21 – 5.00 = Highly Reliable; 3.41 – 4.20 = Reliable; 2.61 – 3.40 = Slightly Reliable; 1.81 – 2.60 = Unreliable; 1.00 – 1.80 = Non-Reliable.
A45: Table 14
A46: Summary of Weighted Means on the Selected ISO/IEC 25010:2023 Quality Characteristics as Rated by End-Users (N = 30)
A47: Criterion | B47: Weighted Mean | D47: Qualitative Remarks
A48: Functional Suitability | B48: ='End-Users'!AG10 -> 4.5777778 | D48: =IF('End-Users'!AG10>='Scoring Rubrics'!$A$6,'Scoring Rubrics'!$C$6,IF('End-Users'!AG10>='Scoring Rubrics'!$A$7,'Scoring Rubrics'!$C$7,IF('End-Users'!AG10>='Scoring Rubrics'!$A$8,'Scoring Rubrics'!$C$8,IF('End-Users'!AG10>='Scoring Rubrics'!$A$9,'Scoring Rubrics'!$C$9,'Scoring Rubrics'!$C$10)))) -> Highly Suitable
A49: Performance Efficiency | B49: ='End-Users'!AG15 -> 4.7222222 | D49: =IF('End-Users'!AG15>='Scoring Rubrics'!$A$14,'Scoring Rubrics'!$C$14,IF('End-Users'!AG15>='Scoring Rubrics'!$A$15,'Scoring Rubrics'!$C$15,IF('End-Users'!AG15>='Scoring Rubrics'!$A$16,'Scoring Rubrics'!$C$16,IF('End-Users'!AG15>='Scoring Rubrics'!$A$17,'Scoring Rubrics'!$C$17,'Scoring Rubrics'!$C$18)))) -> Highly Efficient
A50: Interaction Capability | B50: ='End-Users'!AG20 -> 4.1444444 | D50: =IF('End-Users'!AG20>='Scoring Rubrics'!$A$30,'Scoring Rubrics'!$C$30,IF('End-Users'!AG20>='Scoring Rubrics'!$A$31,'Scoring Rubrics'!$C$31,IF('End-Users'!AG20>='Scoring Rubrics'!$A$32,'Scoring Rubrics'!$C$32,IF('End-Users'!AG20>='Scoring Rubrics'!$A$33,'Scoring Rubrics'!$C$33,'Scoring Rubrics'!$C$34)))) -> Interactive
A51: Reliability | B51: ='End-Users'!AG25 -> 4.7222222 | D51: =IF('End-Users'!AG25>='Scoring Rubrics'!$A$38,'Scoring Rubrics'!$C$38,IF('End-Users'!AG25>='Scoring Rubrics'!$A$39,'Scoring Rubrics'!$C$39,IF('End-Users'!AG25>='Scoring Rubrics'!$A$40,'Scoring Rubrics'!$C$40,IF('End-Users'!AG25>='Scoring Rubrics'!$A$41,'Scoring Rubrics'!$C$41,'Scoring Rubrics'!$C$42)))) -> Highly Reliable
A52: Overall Weighted Mean | B52: ='End-Users'!AG27 -> 4.5416667 | D52: =IF('End-Users'!AG27>='Scoring Rubrics'!$A$94,'Scoring Rubrics'!$C$94,IF('End-Users'!AG27>='Scoring Rubrics'!$A$95,'Scoring Rubrics'!$C$95,IF('End-Users'!AG27>='Scoring Rubrics'!$A$96,'Scoring Rubrics'!$C$96,IF('End-Users'!AG27>='Scoring Rubrics'!$A$97,'Scoring Rubrics'!$C$97,'Scoring Rubrics'!$C$98)))) -> Strongly Agree
A53: Note. n = 30. Weighted mean = Σ(f × rating) ÷ n. Each characteristic is interpreted with its own scoring rubric (see Scoring Rubrics sheet); the overall weighted mean uses the instrument rating scale: 4.21 – 5.00 = Strongly Agree; 3.41 – 4.20 = Agree; 2.61 – 3.40 = Neutral; 1.81 – 2.60 = Disagree; 1.00 – 1.80 = Strongly Disagree.

Sheet WCAG - IT Experts
A1: Assessment on the Accessibility of the System (WCAG) — For IT Experts
A2: Scale: 5 = Highly Accessible | 4 = Accessible | 3 = Moderately Accessible | 2 = Slightly Accessible | 1 = Not Accessible
A3: Editable cells: yellow-shaded respondent score cells (R1–R5). Enter values 1–5 only. Sample data shown below. Add columns between R4 and R5 if respondents is greater than 5.
A5: Item No. | B5: Item Statement | C5: R1 | D5: R2 | E5: R3 | F5: R4 | G5: R5 | H5: Weighted Mean | I5: HA (5) | J5: A (4) | K5: MA (3) | L5: SlA (2) | M5: NA (1)
A6: Perceivable — Information and user interface components must be presentable to users in ways they can perceive.
A7: 1 | B7: All icons, buttons, and non-text visual elements have clear text labels or tooltips indicating their purpose. | C7: 5 | D7: 4 | E7: 4 | F7: 3 | G7: 3 | H7: =(5*I7+4*J7+3*K7+2*L7+1*M7)/SUM(I7:M7) -> 3.8 | I7: =COUNTIF(C7:G7,5) -> 1 | J7: =COUNTIF(C7:G7,4) -> 2 | K7: =COUNTIF(C7:G7,3) -> 2 | L7: =COUNTIF(C7:G7,2) -> 0 | M7: =COUNTIF(C7:G7,1) -> 0
A8: 2 | B8: Informative graphics and interface images (e.g., terminal icons, vehicle markers) include clear, readable descriptions. | C8: 4 | D8: 4 | E8: 4 | F8: 4 | G8: 5 | H8: =(5*I8+4*J8+3*K8+2*L8+1*M8)/SUM(I8:M8) -> 4.2 | I8: =COUNTIF(C8:G8,5) -> 1 | J8: =COUNTIF(C8:G8,4) -> 4 | K8: =COUNTIF(C8:G8,3) -> 0 | L8: =COUNTIF(C8:G8,2) -> 0 | M8: =COUNTIF(C8:G8,1) -> 0
A9: 3 | B9: Complex visual data (such as queue lists, dispatch tables, and earnings charts) are accompanied by easy-to-read text summaries. | C9: 5 | D9: 4 | E9: 4 | F9: 4 | G9: 5 | H9: =(5*I9+4*J9+3*K9+2*L9+1*M9)/SUM(I9:M9) -> 4.4 | I9: =COUNTIF(C9:G9,5) -> 2 | J9: =COUNTIF(C9:G9,4) -> 3 | K9: =COUNTIF(C9:G9,3) -> 0 | L9: =COUNTIF(C9:G9,2) -> 0 | M9: =COUNTIF(C9:G9,1) -> 0
A10: Category Weighted Mean — Perceivable | H10: =AVERAGE(H7:H9) -> 4.1333333
A12: Operable — User interface components and navigation must be operable.
A13: 4 | B13: The web application can be easily operated using touch gestures, tapping, or keyboard/hardware navigation. | C13: 4 | D13: 4 | E13: 4 | F13: 5 | G13: 4 | H13: =(5*I13+4*J13+3*K13+2*L13+1*M13)/SUM(I13:M13) -> 4.2 | I13: =COUNTIF(C13:G13,5) -> 1 | J13: =COUNTIF(C13:G13,4) -> 4 | K13: =COUNTIF(C13:G13,3) -> 0 | L13: =COUNTIF(C13:G13,2) -> 0 | M13: =COUNTIF(C13:G13,1) -> 0
A14: 5 | B14: The interface provides sufficient time to read alerts, review dispatch prompts, and complete actions without abrupt timeouts. | C14: 5 | D14: 3 | E14: 3 | F14: 3 | G14: 3 | H14: =(5*I14+4*J14+3*K14+2*L14+1*M14)/SUM(I14:M14) -> 3.4 | I14: =COUNTIF(C14:G14,5) -> 1 | J14: =COUNTIF(C14:G14,4) -> 0 | K14: =COUNTIF(C14:G14,3) -> 4 | L14: =COUNTIF(C14:G14,2) -> 0 | M14: =COUNTIF(C14:G14,1) -> 0
A15: 6 | B15: Animated or auto-refreshing interface elements (such as pulsing indicators or queue tickers) do not distract or hinder navigation. | C15: 4 | D15: 4 | E15: 4 | F15: 4 | G15: 4 | H15: =(5*I15+4*J15+3*K15+2*L15+1*M15)/SUM(I15:M15) -> 4 | I15: =COUNTIF(C15:G15,5) -> 0 | J15: =COUNTIF(C15:G15,4) -> 5 | K15: =COUNTIF(C15:G15,3) -> 0 | L15: =COUNTIF(C15:G15,2) -> 0 | M15: =COUNTIF(C15:G15,1) -> 0
A16: 7 | B16: The application avoids rapid visual flashes, bright blinking elements, or jarring animations that could cause visual strain or discomfort. | C16: 3 | D16: 4 | E16: 4 | F16: 4 | G16: 4 | H16: =(5*I16+4*J16+3*K16+2*L16+1*M16)/SUM(I16:M16) -> 3.8 | I16: =COUNTIF(C16:G16,5) -> 0 | J16: =COUNTIF(C16:G16,4) -> 4 | K16: =COUNTIF(C16:G16,3) -> 1 | L16: =COUNTIF(C16:G16,2) -> 0 | M16: =COUNTIF(C16:G16,1) -> 0
A17: Category Weighted Mean — Operable | H17: =AVERAGE(H13:H16) -> 3.85
A19: Understandable — Information and the operation of the user interface must be understandable.
A20: 8 | B20: The text, announcements, and status labels (e.g., "You're Online", "In Queue", "En Route") are written in clear and simple language. | C20: 5 | D20: 4 | E20: 5 | F20: 5 | G20: 5 | H20: =(5*I20+4*J20+3*K20+2*L20+1*M20)/SUM(I20:M20) -> 4.8 | I20: =COUNTIF(C20:G20,5) -> 4 | J20: =COUNTIF(C20:G20,4) -> 1 | K20: =COUNTIF(C20:G20,3) -> 0 | L20: =COUNTIF(C20:G20,2) -> 0 | M20: =COUNTIF(C20:G20,1) -> 0
A21: 9 | B21: Instructions for booking rides, entering the terminal queue, or uploading documents are easy to follow. | C21: 4 | D21: 4 | E21: 5 | F21: 5 | G21: 5 | H21: =(5*I21+4*J21+3*K21+2*L21+1*M21)/SUM(I21:M21) -> 4.6 | I21: =COUNTIF(C21:G21,5) -> 3 | J21: =COUNTIF(C21:G21,4) -> 2 | K21: =COUNTIF(C21:G21,3) -> 0 | L21: =COUNTIF(C21:G21,2) -> 0 | M21: =COUNTIF(C21:G21,1) -> 0
A22: 10 | B22: Transport terms and labels (e.g., TODA, Terminal, Fare Proposal, MTOP) are appropriate and familiar to local users. | C22: 5 | D22: 4 | E22: 5 | F22: 5 | G22: 5 | H22: =(5*I22+4*J22+3*K22+2*L22+1*M22)/SUM(I22:M22) -> 4.8 | I22: =COUNTIF(C22:G22,5) -> 4 | J22: =COUNTIF(C22:G22,4) -> 1 | K22: =COUNTIF(C22:G22,3) -> 0 | L22: =COUNTIF(C22:G22,2) -> 0 | M22: =COUNTIF(C22:G22,1) -> 0
A23: 11 | B23: System behavior, buttons, and screen transitions are consistent across all pages and tabs. | C23: 5 | D23: 3 | E23: 3 | F23: 5 | G23: 5 | H23: =(5*I23+4*J23+3*K23+2*L23+1*M23)/SUM(I23:M23) -> 4.2 | I23: =COUNTIF(C23:G23,5) -> 3 | J23: =COUNTIF(C23:G23,4) -> 0 | K23: =COUNTIF(C23:G23,3) -> 2 | L23: =COUNTIF(C23:G23,2) -> 0 | M23: =COUNTIF(C23:G23,1) -> 0
A24: 12 | B24: Navigation bars, headers, map views, and color schemes remain uniform throughout the web app. | C24: 4 | D24: 3 | E24: 4 | F24: 4 | G24: 5 | H24: =(5*I24+4*J24+3*K24+2*L24+1*M24)/SUM(I24:M24) -> 4 | I24: =COUNTIF(C24:G24,5) -> 1 | J24: =COUNTIF(C24:G24,4) -> 3 | K24: =COUNTIF(C24:G24,3) -> 1 | L24: =COUNTIF(C24:G24,2) -> 0 | M24: =COUNTIF(C24:G24,1) -> 0
A25: 13 | B25: System actions (such as tapping "Confirm & Request Tricycle", "Go On Duty", or "Start Terminal Walk-In Ride") produce expected and logical results. | C25: 5 | D25: 4 | E25: 4 | F25: 5 | G25: 5 | H25: =(5*I25+4*J25+3*K25+2*L25+1*M25)/SUM(I25:M25) -> 4.6 | I25: =COUNTIF(C25:G25,5) -> 3 | J25: =COUNTIF(C25:G25,4) -> 2 | K25: =COUNTIF(C25:G25,3) -> 0 | L25: =COUNTIF(C25:G25,2) -> 0 | M25: =COUNTIF(C25:G25,1) -> 0
A26: 14 | B26: Input forms and fields provide clear labels and placeholders (e.g., "Pickup Address (Block & Lot)", "Destination", "Driver License Upload"). | C26: 5 | D26: 4 | E26: 4 | F26: 4 | G26: 5 | H26: =(5*I26+4*J26+3*K26+2*L26+1*M26)/SUM(I26:M26) -> 4.4 | I26: =COUNTIF(C26:G26,5) -> 2 | J26: =COUNTIF(C26:G26,4) -> 3 | K26: =COUNTIF(C26:G26,3) -> 0 | L26: =COUNTIF(C26:G26,2) -> 0 | M26: =COUNTIF(C26:G26,1) -> 0
A27: 15 | B27: System errors are clearly identified and explained (e.g., "Outside TODA Terminal geofence" when going on duty, or "Pickup Address Required"). | C27: 5 | D27: 4 | E27: 4 | F27: 5 | G27: 5 | H27: =(5*I27+4*J27+3*K27+2*L27+1*M27)/SUM(I27:M27) -> 4.6 | I27: =COUNTIF(C27:G27,5) -> 3 | J27: =COUNTIF(C27:G27,4) -> 2 | K27: =COUNTIF(C27:G27,3) -> 0 | L27: =COUNTIF(C27:G27,2) -> 0 | M27: =COUNTIF(C27:G27,1) -> 0
A28: 16 | B28: The system provides helpful suggestions to correct errors (e.g., "You need to be #1 in queue to start a terminal ride" or "Turn on device GPS location"). | C28: 5 | D28: 5 | E28: 4 | F28: 5 | G28: 5 | H28: =(5*I28+4*J28+3*K28+2*L28+1*M28)/SUM(I28:M28) -> 4.8 | I28: =COUNTIF(C28:G28,5) -> 4 | J28: =COUNTIF(C28:G28,4) -> 1 | K28: =COUNTIF(C28:G28,3) -> 0 | L28: =COUNTIF(C28:G28,2) -> 0 | M28: =COUNTIF(C28:G28,1) -> 0
A29: Category Weighted Mean — Understandable | H29: =AVERAGE(H20:H28) -> 4.5333333
A31: Robust — Content must be robust enough to be interpreted reliably by a wide variety of user agents, including assistive technologies.
A32: 17 | B32: The web application functions reliably across different mobile devices and web browsers (e.g., Google Chrome, Safari, Samsung Internet). | C32: 4 | D32: 4 | E32: 4 | F32: 4 | G32: 4 | H32: =(5*I32+4*J32+3*K32+2*L32+1*M32)/SUM(I32:M32) -> 4 | I32: =COUNTIF(C32:G32,5) -> 0 | J32: =COUNTIF(C32:G32,4) -> 5 | K32: =COUNTIF(C32:G32,3) -> 0 | L32: =COUNTIF(C32:G32,2) -> 0 | M32: =COUNTIF(C32:G32,1) -> 0
A33: 18 | B33: The layout and interface display properly on various smartphone models and screen resolutions without graphical distortion. | C33: 4 | D33: 4 | E33: 3 | F33: 4 | G33: 3 | H33: =(5*I33+4*J33+3*K33+2*L33+1*M33)/SUM(I33:M33) -> 3.6 | I33: =COUNTIF(C33:G33,5) -> 0 | J33: =COUNTIF(C33:G33,4) -> 3 | K33: =COUNTIF(C33:G33,3) -> 2 | L33: =COUNTIF(C33:G33,2) -> 0 | M33: =COUNTIF(C33:G33,1) -> 0
A34: 19 | B34: The system maintains stable functionality under varied operating conditions (e.g., switching between Wi-Fi and mobile data). | C34: 5 | D34: 3 | E34: 4 | F34: 4 | G34: 4 | H34: =(5*I34+4*J34+3*K34+2*L34+1*M34)/SUM(I34:M34) -> 4 | I34: =COUNTIF(C34:G34,5) -> 1 | J34: =COUNTIF(C34:G34,4) -> 3 | K34: =COUNTIF(C34:G34,3) -> 1 | L34: =COUNTIF(C34:G34,2) -> 0 | M34: =COUNTIF(C34:G34,1) -> 0
A35: 20 | B35: The application text and interface controls can be properly read aloud by built-in mobile screen readers (e.g., Android TalkBack, iOS VoiceOver). | C35: 5 | D35: 4 | E35: 4 | F35: 4 | G35: 4 | H35: =(5*I35+4*J35+3*K35+2*L35+1*M35)/SUM(I35:M35) -> 4.2 | I35: =COUNTIF(C35:G35,5) -> 1 | J35: =COUNTIF(C35:G35,4) -> 4 | K35: =COUNTIF(C35:G35,3) -> 0 | L35: =COUNTIF(C35:G35,2) -> 0 | M35: =COUNTIF(C35:G35,1) -> 0
A36: 21 | B36: Interactive controls (such as toggles, pop-up dialogs, and navigation drawers) are properly recognized and announced by accessibility tools. | C36: 5 | D36: 5 | E36: 4 | F36: 4 | G36: 4 | H36: =(5*I36+4*J36+3*K36+2*L36+1*M36)/SUM(I36:M36) -> 4.4 | I36: =COUNTIF(C36:G36,5) -> 2 | J36: =COUNTIF(C36:G36,4) -> 3 | K36: =COUNTIF(C36:G36,3) -> 0 | L36: =COUNTIF(C36:G36,2) -> 0 | M36: =COUNTIF(C36:G36,1) -> 0
A37: 22 | B37: Live status updates (such as queue changes and incoming dispatch alerts) are actively announced to users relying on accessibility features. | C37: 5 | D37: 5 | E37: 4 | F37: 4 | G37: 4 | H37: =(5*I37+4*J37+3*K37+2*L37+1*M37)/SUM(I37:M37) -> 4.4 | I37: =COUNTIF(C37:G37,5) -> 2 | J37: =COUNTIF(C37:G37,4) -> 3 | K37: =COUNTIF(C37:G37,3) -> 0 | L37: =COUNTIF(C37:G37,2) -> 0 | M37: =COUNTIF(C37:G37,1) -> 0
A38: Category Weighted Mean — Robust | H38: =AVERAGE(H32:H37) -> 4.1
A40: OVERALL WEIGHTED MEAN / TOTAL FREQUENCY (All Items) | H40: =(AVERAGE(H7:H9)+AVERAGE(H13:H16)+AVERAGE(H20:H28)+AVERAGE(H32:H37))/4 -> 4.1541667 | I40: =COUNTIF(C7:G9,5)+COUNTIF(C13:G16,5)+COUNTIF(C20:G28,5)+COUNTIF(C32:G37,5) -> 39 | J40: =COUNTIF(C7:G9,4)+COUNTIF(C13:G16,4)+COUNTIF(C20:G28,4)+COUNTIF(C32:G37,4) -> 58 | K40: =COUNTIF(C7:G9,3)+COUNTIF(C13:G16,3)+COUNTIF(C20:G28,3)+COUNTIF(C32:G37,3) -> 13 | L40: =COUNTIF(C7:G9,2)+COUNTIF(C13:G16,2)+COUNTIF(C20:G28,2)+COUNTIF(C32:G37,2) -> 0 | M40: =COUNTIF(C7:G9,1)+COUNTIF(C13:G16,1)+COUNTIF(C20:G28,1)+COUNTIF(C32:G37,1) -> 0

Sheet APA Results - WCAG (IT Experts)
A1: Table 1
A2: Perceivable — Information and user interface components must be presentable to users in ways they can perceive. (As Rated by IT Experts, N = 5)
A3: Item Statement | B3: Highly Accessible (5) | D3: Accessible (4) | F3: Moderately Accessible (3) | H3: Slightly Accessible (2) | J3: Not Accessible (1) | L3: Weighted Mean | M3: Interpretation | O3: Note:
B4: f | C4: % | D4: f | E4: % | F4: f | G4: % | H4: f | I4: % | J4: f | K4: % | O4: Copy and paste these tables in word file for Chapter 3
A5: All icons, buttons, and non-text visual elements have clear text labels or tooltips indicating their purpose. | B5: ='WCAG - IT Experts'!I7 -> 1 | C5: ='WCAG - IT Experts'!I7/COUNT('WCAG - IT Experts'!$C7:$G7) -> 0.2 | D5: ='WCAG - IT Experts'!J7 -> 2 | E5: ='WCAG - IT Experts'!J7/COUNT('WCAG - IT Experts'!$C7:$G7) -> 0.4 | F5: ='WCAG - IT Experts'!K7 -> 2 | G5: ='WCAG - IT Experts'!K7/COUNT('WCAG - IT Experts'!$C7:$G7) -> 0.4 | H5: ='WCAG - IT Experts'!L7 -> 0 | I5: ='WCAG - IT Experts'!L7/COUNT('WCAG - IT Experts'!$C7:$G7) -> 0 | J5: ='WCAG - IT Experts'!M7 -> 0 | K5: ='WCAG - IT Experts'!M7/COUNT('WCAG - IT Experts'!$C7:$G7) -> 0 | L5: ='WCAG - IT Experts'!H7 -> 3.8 | M5: =IF('WCAG - IT Experts'!H7>='Scoring Rubrics'!$A$78,'Scoring Rubrics'!$C$78,IF('WCAG - IT Experts'!H7>='Scoring Rubrics'!$A$79,'Scoring Rubrics'!$C$79,IF('WCAG - IT Experts'!H7>='Scoring Rubrics'!$A$80,'Scoring Rubrics'!$C$80,IF('WCAG - IT Experts'!H7>='Scoring Rubrics'!$A$81,'Scoring Rubrics'!$C$81,'Scoring Rubrics'!$C$82)))) -> Accessible
A6: Informative graphics and interface images (e.g., terminal icons, vehicle markers) include clear, readable descriptions. | B6: ='WCAG - IT Experts'!I8 -> 1 | C6: ='WCAG - IT Experts'!I8/COUNT('WCAG - IT Experts'!$C8:$G8) -> 0.2 | D6: ='WCAG - IT Experts'!J8 -> 4 | E6: ='WCAG - IT Experts'!J8/COUNT('WCAG - IT Experts'!$C8:$G8) -> 0.8 | F6: ='WCAG - IT Experts'!K8 -> 0 | G6: ='WCAG - IT Experts'!K8/COUNT('WCAG - IT Experts'!$C8:$G8) -> 0 | H6: ='WCAG - IT Experts'!L8 -> 0 | I6: ='WCAG - IT Experts'!L8/COUNT('WCAG - IT Experts'!$C8:$G8) -> 0 | J6: ='WCAG - IT Experts'!M8 -> 0 | K6: ='WCAG - IT Experts'!M8/COUNT('WCAG - IT Experts'!$C8:$G8) -> 0 | L6: ='WCAG - IT Experts'!H8 -> 4.2 | M6: =IF('WCAG - IT Experts'!H8>='Scoring Rubrics'!$A$78,'Scoring Rubrics'!$C$78,IF('WCAG - IT Experts'!H8>='Scoring Rubrics'!$A$79,'Scoring Rubrics'!$C$79,IF('WCAG - IT Experts'!H8>='Scoring Rubrics'!$A$80,'Scoring Rubrics'!$C$80,IF('WCAG - IT Experts'!H8>='Scoring Rubrics'!$A$81,'Scoring Rubrics'!$C$81,'Scoring Rubrics'!$C$82)))) -> Accessible
A7: Complex visual data (such as queue lists, dispatch tables, and earnings charts) are accompanied by easy-to-read text summaries. | B7: ='WCAG - IT Experts'!I9 -> 2 | C7: ='WCAG - IT Experts'!I9/COUNT('WCAG - IT Experts'!$C9:$G9) -> 0.4 | D7: ='WCAG - IT Experts'!J9 -> 3 | E7: ='WCAG - IT Experts'!J9/COUNT('WCAG - IT Experts'!$C9:$G9) -> 0.6 | F7: ='WCAG - IT Experts'!K9 -> 0 | G7: ='WCAG - IT Experts'!K9/COUNT('WCAG - IT Experts'!$C9:$G9) -> 0 | H7: ='WCAG - IT Experts'!L9 -> 0 | I7: ='WCAG - IT Experts'!L9/COUNT('WCAG - IT Experts'!$C9:$G9) -> 0 | J7: ='WCAG - IT Experts'!M9 -> 0 | K7: ='WCAG - IT Experts'!M9/COUNT('WCAG - IT Experts'!$C9:$G9) -> 0 | L7: ='WCAG - IT Experts'!H9 -> 4.4 | M7: =IF('WCAG - IT Experts'!H9>='Scoring Rubrics'!$A$78,'Scoring Rubrics'!$C$78,IF('WCAG - IT Experts'!H9>='Scoring Rubrics'!$A$79,'Scoring Rubrics'!$C$79,IF('WCAG - IT Experts'!H9>='Scoring Rubrics'!$A$80,'Scoring Rubrics'!$C$80,IF('WCAG - IT Experts'!H9>='Scoring Rubrics'!$A$81,'Scoring Rubrics'!$C$81,'Scoring Rubrics'!$C$82)))) -> Highly Accessible
A8: Category Weighted Mean | L8: ='WCAG - IT Experts'!H10 -> 4.1333333 | M8: =IF('WCAG - IT Experts'!H10>='Scoring Rubrics'!$A$78,'Scoring Rubrics'!$C$78,IF('WCAG - IT Experts'!H10>='Scoring Rubrics'!$A$79,'Scoring Rubrics'!$C$79,IF('WCAG - IT Experts'!H10>='Scoring Rubrics'!$A$80,'Scoring Rubrics'!$C$80,IF('WCAG - IT Experts'!H10>='Scoring Rubrics'!$A$81,'Scoring Rubrics'!$C$81,'Scoring Rubrics'!$C$82)))) -> Accessible
A9: Note. n = 5. Weighted mean = Σ(f × rating) ÷ n. Scale and interpretation: 4.21–5.00 = Highly Accessible (HA); 3.41–4.20 = Accessible (A); 2.61–3.40 = Moderately Accessible (MA); 1.81–2.60 = Slightly Accessible (SlA); 1.00–1.80 = Not Accessible (NA).
A12: Table 2
A13: Operable — User interface components and navigation must be operable. (As Rated by IT Experts, N = 5)
A14: Item Statement | B14: Highly Accessible (5) | D14: Accessible (4) | F14: Moderately Accessible (3) | H14: Slightly Accessible (2) | J14: Not Accessible (1) | L14: Weighted Mean | M14: Interpretation
B15: f | C15: % | D15: f | E15: % | F15: f | G15: % | H15: f | I15: % | J15: f | K15: %
A16: The web application can be easily operated using touch gestures, tapping, or keyboard/hardware navigation. | B16: ='WCAG - IT Experts'!I13 -> 1 | C16: ='WCAG - IT Experts'!I13/COUNT('WCAG - IT Experts'!$C13:$G13) -> 0.2 | D16: ='WCAG - IT Experts'!J13 -> 4 | E16: ='WCAG - IT Experts'!J13/COUNT('WCAG - IT Experts'!$C13:$G13) -> 0.8 | F16: ='WCAG - IT Experts'!K13 -> 0 | G16: ='WCAG - IT Experts'!K13/COUNT('WCAG - IT Experts'!$C13:$G13) -> 0 | H16: ='WCAG - IT Experts'!L13 -> 0 | I16: ='WCAG - IT Experts'!L13/COUNT('WCAG - IT Experts'!$C13:$G13) -> 0 | J16: ='WCAG - IT Experts'!M13 -> 0 | K16: ='WCAG - IT Experts'!M13/COUNT('WCAG - IT Experts'!$C13:$G13) -> 0 | L16: ='WCAG - IT Experts'!H13 -> 4.2 | M16: =IF('WCAG - IT Experts'!H13>='Scoring Rubrics'!$A$78,'Scoring Rubrics'!$C$78,IF('WCAG - IT Experts'!H13>='Scoring Rubrics'!$A$79,'Scoring Rubrics'!$C$79,IF('WCAG - IT Experts'!H13>='Scoring Rubrics'!$A$80,'Scoring Rubrics'!$C$80,IF('WCAG - IT Experts'!H13>='Scoring Rubrics'!$A$81,'Scoring Rubrics'!$C$81,'Scoring Rubrics'!$C$82)))) -> Accessible
A17: The interface provides sufficient time to read alerts, review dispatch prompts, and complete actions without abrupt timeouts. | B17: ='WCAG - IT Experts'!I14 -> 1 | C17: ='WCAG - IT Experts'!I14/COUNT('WCAG - IT Experts'!$C14:$G14) -> 0.2 | D17: ='WCAG - IT Experts'!J14 -> 0 | E17: ='WCAG - IT Experts'!J14/COUNT('WCAG - IT Experts'!$C14:$G14) -> 0 | F17: ='WCAG - IT Experts'!K14 -> 4 | G17: ='WCAG - IT Experts'!K14/COUNT('WCAG - IT Experts'!$C14:$G14) -> 0.8 | H17: ='WCAG - IT Experts'!L14 -> 0 | I17: ='WCAG - IT Experts'!L14/COUNT('WCAG - IT Experts'!$C14:$G14) -> 0 | J17: ='WCAG - IT Experts'!M14 -> 0 | K17: ='WCAG - IT Experts'!M14/COUNT('WCAG - IT Experts'!$C14:$G14) -> 0 | L17: ='WCAG - IT Experts'!H14 -> 3.4 | M17: =IF('WCAG - IT Experts'!H14>='Scoring Rubrics'!$A$78,'Scoring Rubrics'!$C$78,IF('WCAG - IT Experts'!H14>='Scoring Rubrics'!$A$79,'Scoring Rubrics'!$C$79,IF('WCAG - IT Experts'!H14>='Scoring Rubrics'!$A$80,'Scoring Rubrics'!$C$80,IF('WCAG - IT Experts'!H14>='Scoring Rubrics'!$A$81,'Scoring Rubrics'!$C$81,'Scoring Rubrics'!$C$82)))) -> Moderately Accessible
A18: Animated or auto-refreshing interface elements (such as pulsing indicators or queue tickers) do not distract or hinder navigation. | B18: ='WCAG - IT Experts'!I15 -> 0 | C18: ='WCAG - IT Experts'!I15/COUNT('WCAG - IT Experts'!$C15:$G15) -> 0 | D18: ='WCAG - IT Experts'!J15 -> 5 | E18: ='WCAG - IT Experts'!J15/COUNT('WCAG - IT Experts'!$C15:$G15) -> 1 | F18: ='WCAG - IT Experts'!K15 -> 0 | G18: ='WCAG - IT Experts'!K15/COUNT('WCAG - IT Experts'!$C15:$G15) -> 0 | H18: ='WCAG - IT Experts'!L15 -> 0 | I18: ='WCAG - IT Experts'!L15/COUNT('WCAG - IT Experts'!$C15:$G15) -> 0 | J18: ='WCAG - IT Experts'!M15 -> 0 | K18: ='WCAG - IT Experts'!M15/COUNT('WCAG - IT Experts'!$C15:$G15) -> 0 | L18: ='WCAG - IT Experts'!H15 -> 4 | M18: =IF('WCAG - IT Experts'!H15>='Scoring Rubrics'!$A$78,'Scoring Rubrics'!$C$78,IF('WCAG - IT Experts'!H15>='Scoring Rubrics'!$A$79,'Scoring Rubrics'!$C$79,IF('WCAG - IT Experts'!H15>='Scoring Rubrics'!$A$80,'Scoring Rubrics'!$C$80,IF('WCAG - IT Experts'!H15>='Scoring Rubrics'!$A$81,'Scoring Rubrics'!$C$81,'Scoring Rubrics'!$C$82)))) -> Accessible
A19: The application avoids rapid visual flashes, bright blinking elements, or jarring animations that could cause visual strain or discomfort. | B19: ='WCAG - IT Experts'!I16 -> 0 | C19: ='WCAG - IT Experts'!I16/COUNT('WCAG - IT Experts'!$C16:$G16) -> 0 | D19: ='WCAG - IT Experts'!J16 -> 4 | E19: ='WCAG - IT Experts'!J16/COUNT('WCAG - IT Experts'!$C16:$G16) -> 0.8 | F19: ='WCAG - IT Experts'!K16 -> 1 | G19: ='WCAG - IT Experts'!K16/COUNT('WCAG - IT Experts'!$C16:$G16) -> 0.2 | H19: ='WCAG - IT Experts'!L16 -> 0 | I19: ='WCAG - IT Experts'!L16/COUNT('WCAG - IT Experts'!$C16:$G16) -> 0 | J19: ='WCAG - IT Experts'!M16 -> 0 | K19: ='WCAG - IT Experts'!M16/COUNT('WCAG - IT Experts'!$C16:$G16) -> 0 | L19: ='WCAG - IT Experts'!H16 -> 3.8 | M19: =IF('WCAG - IT Experts'!H16>='Scoring Rubrics'!$A$78,'Scoring Rubrics'!$C$78,IF('WCAG - IT Experts'!H16>='Scoring Rubrics'!$A$79,'Scoring Rubrics'!$C$79,IF('WCAG - IT Experts'!H16>='Scoring Rubrics'!$A$80,'Scoring Rubrics'!$C$80,IF('WCAG - IT Experts'!H16>='Scoring Rubrics'!$A$81,'Scoring Rubrics'!$C$81,'Scoring Rubrics'!$C$82)))) -> Accessible
A20: Category Weighted Mean | L20: ='WCAG - IT Experts'!H17 -> 3.85 | M20: =IF('WCAG - IT Experts'!H17>='Scoring Rubrics'!$A$78,'Scoring Rubrics'!$C$78,IF('WCAG - IT Experts'!H17>='Scoring Rubrics'!$A$79,'Scoring Rubrics'!$C$79,IF('WCAG - IT Experts'!H17>='Scoring Rubrics'!$A$80,'Scoring Rubrics'!$C$80,IF('WCAG - IT Experts'!H17>='Scoring Rubrics'!$A$81,'Scoring Rubrics'!$C$81,'Scoring Rubrics'!$C$82)))) -> Accessible
A21: Note. n = 5. Weighted mean = Σ(f × rating) ÷ n. Scale and interpretation: 4.21–5.00 = Highly Accessible (HA); 3.41–4.20 = Accessible (A); 2.61–3.40 = Moderately Accessible (MA); 1.81–2.60 = Slightly Accessible (SlA); 1.00–1.80 = Not Accessible (NA).
A24: Table 3
A25: Understandable — Information and the operation of the user interface must be understandable. (As Rated by IT Experts, N = 5)
A26: Item Statement | B26: Highly Accessible (5) | D26: Accessible (4) | F26: Moderately Accessible (3) | H26: Slightly Accessible (2) | J26: Not Accessible (1) | L26: Weighted Mean | M26: Interpretation
B27: f | C27: % | D27: f | E27: % | F27: f | G27: % | H27: f | I27: % | J27: f | K27: %
A28: The text, announcements, and status labels (e.g., "You're Online", "In Queue", "En Route") are written in clear and simple language. | B28: ='WCAG - IT Experts'!I20 -> 4 | C28: ='WCAG - IT Experts'!I20/COUNT('WCAG - IT Experts'!$C20:$G20) -> 0.8 | D28: ='WCAG - IT Experts'!J20 -> 1 | E28: ='WCAG - IT Experts'!J20/COUNT('WCAG - IT Experts'!$C20:$G20) -> 0.2 | F28: ='WCAG - IT Experts'!K20 -> 0 | G28: ='WCAG - IT Experts'!K20/COUNT('WCAG - IT Experts'!$C20:$G20) -> 0 | H28: ='WCAG - IT Experts'!L20 -> 0 | I28: ='WCAG - IT Experts'!L20/COUNT('WCAG - IT Experts'!$C20:$G20) -> 0 | J28: ='WCAG - IT Experts'!M20 -> 0 | K28: ='WCAG - IT Experts'!M20/COUNT('WCAG - IT Experts'!$C20:$G20) -> 0 | L28: ='WCAG - IT Experts'!H20 -> 4.8 | M28: =IF('WCAG - IT Experts'!H20>='Scoring Rubrics'!$A$78,'Scoring Rubrics'!$C$78,IF('WCAG - IT Experts'!H20>='Scoring Rubrics'!$A$79,'Scoring Rubrics'!$C$79,IF('WCAG - IT Experts'!H20>='Scoring Rubrics'!$A$80,'Scoring Rubrics'!$C$80,IF('WCAG - IT Experts'!H20>='Scoring Rubrics'!$A$81,'Scoring Rubrics'!$C$81,'Scoring Rubrics'!$C$82)))) -> Highly Accessible
A29: Instructions for booking rides, entering the terminal queue, or uploading documents are easy to follow. | B29: ='WCAG - IT Experts'!I21 -> 3 | C29: ='WCAG - IT Experts'!I21/COUNT('WCAG - IT Experts'!$C21:$G21) -> 0.6 | D29: ='WCAG - IT Experts'!J21 -> 2 | E29: ='WCAG - IT Experts'!J21/COUNT('WCAG - IT Experts'!$C21:$G21) -> 0.4 | F29: ='WCAG - IT Experts'!K21 -> 0 | G29: ='WCAG - IT Experts'!K21/COUNT('WCAG - IT Experts'!$C21:$G21) -> 0 | H29: ='WCAG - IT Experts'!L21 -> 0 | I29: ='WCAG - IT Experts'!L21/COUNT('WCAG - IT Experts'!$C21:$G21) -> 0 | J29: ='WCAG - IT Experts'!M21 -> 0 | K29: ='WCAG - IT Experts'!M21/COUNT('WCAG - IT Experts'!$C21:$G21) -> 0 | L29: ='WCAG - IT Experts'!H21 -> 4.6 | M29: =IF('WCAG - IT Experts'!H21>='Scoring Rubrics'!$A$78,'Scoring Rubrics'!$C$78,IF('WCAG - IT Experts'!H21>='Scoring Rubrics'!$A$79,'Scoring Rubrics'!$C$79,IF('WCAG - IT Experts'!H21>='Scoring Rubrics'!$A$80,'Scoring Rubrics'!$C$80,IF('WCAG - IT Experts'!H21>='Scoring Rubrics'!$A$81,'Scoring Rubrics'!$C$81,'Scoring Rubrics'!$C$82)))) -> Highly Accessible
A30: Transport terms and labels (e.g., TODA, Terminal, Fare Proposal, MTOP) are appropriate and familiar to local users. | B30: ='WCAG - IT Experts'!I22 -> 4 | C30: ='WCAG - IT Experts'!I22/COUNT('WCAG - IT Experts'!$C22:$G22) -> 0.8 | D30: ='WCAG - IT Experts'!J22 -> 1 | E30: ='WCAG - IT Experts'!J22/COUNT('WCAG - IT Experts'!$C22:$G22) -> 0.2 | F30: ='WCAG - IT Experts'!K22 -> 0 | G30: ='WCAG - IT Experts'!K22/COUNT('WCAG - IT Experts'!$C22:$G22) -> 0 | H30: ='WCAG - IT Experts'!L22 -> 0 | I30: ='WCAG - IT Experts'!L22/COUNT('WCAG - IT Experts'!$C22:$G22) -> 0 | J30: ='WCAG - IT Experts'!M22 -> 0 | K30: ='WCAG - IT Experts'!M22/COUNT('WCAG - IT Experts'!$C22:$G22) -> 0 | L30: ='WCAG - IT Experts'!H22 -> 4.8 | M30: =IF('WCAG - IT Experts'!H22>='Scoring Rubrics'!$A$78,'Scoring Rubrics'!$C$78,IF('WCAG - IT Experts'!H22>='Scoring Rubrics'!$A$79,'Scoring Rubrics'!$C$79,IF('WCAG - IT Experts'!H22>='Scoring Rubrics'!$A$80,'Scoring Rubrics'!$C$80,IF('WCAG - IT Experts'!H22>='Scoring Rubrics'!$A$81,'Scoring Rubrics'!$C$81,'Scoring Rubrics'!$C$82)))) -> Highly Accessible
A31: System behavior, buttons, and screen transitions are consistent across all pages and tabs. | B31: ='WCAG - IT Experts'!I23 -> 3 | C31: ='WCAG - IT Experts'!I23/COUNT('WCAG - IT Experts'!$C23:$G23) -> 0.6 | D31: ='WCAG - IT Experts'!J23 -> 0 | E31: ='WCAG - IT Experts'!J23/COUNT('WCAG - IT Experts'!$C23:$G23) -> 0 | F31: ='WCAG - IT Experts'!K23 -> 2 | G31: ='WCAG - IT Experts'!K23/COUNT('WCAG - IT Experts'!$C23:$G23) -> 0.4 | H31: ='WCAG - IT Experts'!L23 -> 0 | I31: ='WCAG - IT Experts'!L23/COUNT('WCAG - IT Experts'!$C23:$G23) -> 0 | J31: ='WCAG - IT Experts'!M23 -> 0 | K31: ='WCAG - IT Experts'!M23/COUNT('WCAG - IT Experts'!$C23:$G23) -> 0 | L31: ='WCAG - IT Experts'!H23 -> 4.2 | M31: =IF('WCAG - IT Experts'!H23>='Scoring Rubrics'!$A$78,'Scoring Rubrics'!$C$78,IF('WCAG - IT Experts'!H23>='Scoring Rubrics'!$A$79,'Scoring Rubrics'!$C$79,IF('WCAG - IT Experts'!H23>='Scoring Rubrics'!$A$80,'Scoring Rubrics'!$C$80,IF('WCAG - IT Experts'!H23>='Scoring Rubrics'!$A$81,'Scoring Rubrics'!$C$81,'Scoring Rubrics'!$C$82)))) -> Accessible
A32: Navigation bars, headers, map views, and color schemes remain uniform throughout the web app. | B32: ='WCAG - IT Experts'!I24 -> 1 | C32: ='WCAG - IT Experts'!I24/COUNT('WCAG - IT Experts'!$C24:$G24) -> 0.2 | D32: ='WCAG - IT Experts'!J24 -> 3 | E32: ='WCAG - IT Experts'!J24/COUNT('WCAG - IT Experts'!$C24:$G24) -> 0.6 | F32: ='WCAG - IT Experts'!K24 -> 1 | G32: ='WCAG - IT Experts'!K24/COUNT('WCAG - IT Experts'!$C24:$G24) -> 0.2 | H32: ='WCAG - IT Experts'!L24 -> 0 | I32: ='WCAG - IT Experts'!L24/COUNT('WCAG - IT Experts'!$C24:$G24) -> 0 | J32: ='WCAG - IT Experts'!M24 -> 0 | K32: ='WCAG - IT Experts'!M24/COUNT('WCAG - IT Experts'!$C24:$G24) -> 0 | L32: ='WCAG - IT Experts'!H24 -> 4 | M32: =IF('WCAG - IT Experts'!H24>='Scoring Rubrics'!$A$78,'Scoring Rubrics'!$C$78,IF('WCAG - IT Experts'!H24>='Scoring Rubrics'!$A$79,'Scoring Rubrics'!$C$79,IF('WCAG - IT Experts'!H24>='Scoring Rubrics'!$A$80,'Scoring Rubrics'!$C$80,IF('WCAG - IT Experts'!H24>='Scoring Rubrics'!$A$81,'Scoring Rubrics'!$C$81,'Scoring Rubrics'!$C$82)))) -> Accessible
A33: System actions (such as tapping "Confirm & Request Tricycle", "Go On Duty", or "Start Terminal Walk-In Ride") produce expected and logical results. | B33: ='WCAG - IT Experts'!I25 -> 3 | C33: ='WCAG - IT Experts'!I25/COUNT('WCAG - IT Experts'!$C25:$G25) -> 0.6 | D33: ='WCAG - IT Experts'!J25 -> 2 | E33: ='WCAG - IT Experts'!J25/COUNT('WCAG - IT Experts'!$C25:$G25) -> 0.4 | F33: ='WCAG - IT Experts'!K25 -> 0 | G33: ='WCAG - IT Experts'!K25/COUNT('WCAG - IT Experts'!$C25:$G25) -> 0 | H33: ='WCAG - IT Experts'!L25 -> 0 | I33: ='WCAG - IT Experts'!L25/COUNT('WCAG - IT Experts'!$C25:$G25) -> 0 | J33: ='WCAG - IT Experts'!M25 -> 0 | K33: ='WCAG - IT Experts'!M25/COUNT('WCAG - IT Experts'!$C25:$G25) -> 0 | L33: ='WCAG - IT Experts'!H25 -> 4.6 | M33: =IF('WCAG - IT Experts'!H25>='Scoring Rubrics'!$A$78,'Scoring Rubrics'!$C$78,IF('WCAG - IT Experts'!H25>='Scoring Rubrics'!$A$79,'Scoring Rubrics'!$C$79,IF('WCAG - IT Experts'!H25>='Scoring Rubrics'!$A$80,'Scoring Rubrics'!$C$80,IF('WCAG - IT Experts'!H25>='Scoring Rubrics'!$A$81,'Scoring Rubrics'!$C$81,'Scoring Rubrics'!$C$82)))) -> Highly Accessible
A34: Input forms and fields provide clear labels and placeholders (e.g., "Pickup Address (Block & Lot)", "Destination", "Driver License Upload"). | B34: ='WCAG - IT Experts'!I26 -> 2 | C34: ='WCAG - IT Experts'!I26/COUNT('WCAG - IT Experts'!$C26:$G26) -> 0.4 | D34: ='WCAG - IT Experts'!J26 -> 3 | E34: ='WCAG - IT Experts'!J26/COUNT('WCAG - IT Experts'!$C26:$G26) -> 0.6 | F34: ='WCAG - IT Experts'!K26 -> 0 | G34: ='WCAG - IT Experts'!K26/COUNT('WCAG - IT Experts'!$C26:$G26) -> 0 | H34: ='WCAG - IT Experts'!L26 -> 0 | I34: ='WCAG - IT Experts'!L26/COUNT('WCAG - IT Experts'!$C26:$G26) -> 0 | J34: ='WCAG - IT Experts'!M26 -> 0 | K34: ='WCAG - IT Experts'!M26/COUNT('WCAG - IT Experts'!$C26:$G26) -> 0 | L34: ='WCAG - IT Experts'!H26 -> 4.4 | M34: =IF('WCAG - IT Experts'!H26>='Scoring Rubrics'!$A$78,'Scoring Rubrics'!$C$78,IF('WCAG - IT Experts'!H26>='Scoring Rubrics'!$A$79,'Scoring Rubrics'!$C$79,IF('WCAG - IT Experts'!H26>='Scoring Rubrics'!$A$80,'Scoring Rubrics'!$C$80,IF('WCAG - IT Experts'!H26>='Scoring Rubrics'!$A$81,'Scoring Rubrics'!$C$81,'Scoring Rubrics'!$C$82)))) -> Highly Accessible
A35: System errors are clearly identified and explained (e.g., "Outside TODA Terminal geofence" when going on duty, or "Pickup Address Required"). | B35: ='WCAG - IT Experts'!I27 -> 3 | C35: ='WCAG - IT Experts'!I27/COUNT('WCAG - IT Experts'!$C27:$G27) -> 0.6 | D35: ='WCAG - IT Experts'!J27 -> 2 | E35: ='WCAG - IT Experts'!J27/COUNT('WCAG - IT Experts'!$C27:$G27) -> 0.4 | F35: ='WCAG - IT Experts'!K27 -> 0 | G35: ='WCAG - IT Experts'!K27/COUNT('WCAG - IT Experts'!$C27:$G27) -> 0 | H35: ='WCAG - IT Experts'!L27 -> 0 | I35: ='WCAG - IT Experts'!L27/COUNT('WCAG - IT Experts'!$C27:$G27) -> 0 | J35: ='WCAG - IT Experts'!M27 -> 0 | K35: ='WCAG - IT Experts'!M27/COUNT('WCAG - IT Experts'!$C27:$G27) -> 0 | L35: ='WCAG - IT Experts'!H27 -> 4.6 | M35: =IF('WCAG - IT Experts'!H27>='Scoring Rubrics'!$A$78,'Scoring Rubrics'!$C$78,IF('WCAG - IT Experts'!H27>='Scoring Rubrics'!$A$79,'Scoring Rubrics'!$C$79,IF('WCAG - IT Experts'!H27>='Scoring Rubrics'!$A$80,'Scoring Rubrics'!$C$80,IF('WCAG - IT Experts'!H27>='Scoring Rubrics'!$A$81,'Scoring Rubrics'!$C$81,'Scoring Rubrics'!$C$82)))) -> Highly Accessible
A36: The system provides helpful suggestions to correct errors (e.g., "You need to be #1 in queue to start a terminal ride" or "Turn on device GPS location"). | B36: ='WCAG - IT Experts'!I28 -> 4 | C36: ='WCAG - IT Experts'!I28/COUNT('WCAG - IT Experts'!$C28:$G28) -> 0.8 | D36: ='WCAG - IT Experts'!J28 -> 1 | E36: ='WCAG - IT Experts'!J28/COUNT('WCAG - IT Experts'!$C28:$G28) -> 0.2 | F36: ='WCAG - IT Experts'!K28 -> 0 | G36: ='WCAG - IT Experts'!K28/COUNT('WCAG - IT Experts'!$C28:$G28) -> 0 | H36: ='WCAG - IT Experts'!L28 -> 0 | I36: ='WCAG - IT Experts'!L28/COUNT('WCAG - IT Experts'!$C28:$G28) -> 0 | J36: ='WCAG - IT Experts'!M28 -> 0 | K36: ='WCAG - IT Experts'!M28/COUNT('WCAG - IT Experts'!$C28:$G28) -> 0 | L36: ='WCAG - IT Experts'!H28 -> 4.8 | M36: =IF('WCAG - IT Experts'!H28>='Scoring Rubrics'!$A$78,'Scoring Rubrics'!$C$78,IF('WCAG - IT Experts'!H28>='Scoring Rubrics'!$A$79,'Scoring Rubrics'!$C$79,IF('WCAG - IT Experts'!H28>='Scoring Rubrics'!$A$80,'Scoring Rubrics'!$C$80,IF('WCAG - IT Experts'!H28>='Scoring Rubrics'!$A$81,'Scoring Rubrics'!$C$81,'Scoring Rubrics'!$C$82)))) -> Highly Accessible
A37: Category Weighted Mean | L37: ='WCAG - IT Experts'!H29 -> 4.5333333 | M37: =IF('WCAG - IT Experts'!H29>='Scoring Rubrics'!$A$78,'Scoring Rubrics'!$C$78,IF('WCAG - IT Experts'!H29>='Scoring Rubrics'!$A$79,'Scoring Rubrics'!$C$79,IF('WCAG - IT Experts'!H29>='Scoring Rubrics'!$A$80,'Scoring Rubrics'!$C$80,IF('WCAG - IT Experts'!H29>='Scoring Rubrics'!$A$81,'Scoring Rubrics'!$C$81,'Scoring Rubrics'!$C$82)))) -> Highly Accessible
A38: Note. n = 5. Weighted mean = Σ(f × rating) ÷ n. Scale and interpretation: 4.21–5.00 = Highly Accessible (HA); 3.41–4.20 = Accessible (A); 2.61–3.40 = Moderately Accessible (MA); 1.81–2.60 = Slightly Accessible (SlA); 1.00–1.80 = Not Accessible (NA).
A41: Table 4
A42: Robust — Content must be robust enough to be interpreted reliably by a wide variety of user agents, including assistive technologies. (As Rated by IT Experts, N = 5)
A43: Item Statement | B43: Highly Accessible (5) | D43: Accessible (4) | F43: Moderately Accessible (3) | H43: Slightly Accessible (2) | J43: Not Accessible (1) | L43: Weighted Mean | M43: Interpretation
B44: f | C44: % | D44: f | E44: % | F44: f | G44: % | H44: f | I44: % | J44: f | K44: %
A45: The web application functions reliably across different mobile devices and web browsers (e.g., Google Chrome, Safari, Samsung Internet). | B45: ='WCAG - IT Experts'!I32 -> 0 | C45: ='WCAG - IT Experts'!I32/COUNT('WCAG - IT Experts'!$C32:$G32) -> 0 | D45: ='WCAG - IT Experts'!J32 -> 5 | E45: ='WCAG - IT Experts'!J32/COUNT('WCAG - IT Experts'!$C32:$G32) -> 1 | F45: ='WCAG - IT Experts'!K32 -> 0 | G45: ='WCAG - IT Experts'!K32/COUNT('WCAG - IT Experts'!$C32:$G32) -> 0 | H45: ='WCAG - IT Experts'!L32 -> 0 | I45: ='WCAG - IT Experts'!L32/COUNT('WCAG - IT Experts'!$C32:$G32) -> 0 | J45: ='WCAG - IT Experts'!M32 -> 0 | K45: ='WCAG - IT Experts'!M32/COUNT('WCAG - IT Experts'!$C32:$G32) -> 0 | L45: ='WCAG - IT Experts'!H32 -> 4 | M45: =IF('WCAG - IT Experts'!H32>='Scoring Rubrics'!$A$78,'Scoring Rubrics'!$C$78,IF('WCAG - IT Experts'!H32>='Scoring Rubrics'!$A$79,'Scoring Rubrics'!$C$79,IF('WCAG - IT Experts'!H32>='Scoring Rubrics'!$A$80,'Scoring Rubrics'!$C$80,IF('WCAG - IT Experts'!H32>='Scoring Rubrics'!$A$81,'Scoring Rubrics'!$C$81,'Scoring Rubrics'!$C$82)))) -> Accessible
A46: The layout and interface display properly on various smartphone models and screen resolutions without graphical distortion. | B46: ='WCAG - IT Experts'!I33 -> 0 | C46: ='WCAG - IT Experts'!I33/COUNT('WCAG - IT Experts'!$C33:$G33) -> 0 | D46: ='WCAG - IT Experts'!J33 -> 3 | E46: ='WCAG - IT Experts'!J33/COUNT('WCAG - IT Experts'!$C33:$G33) -> 0.6 | F46: ='WCAG - IT Experts'!K33 -> 2 | G46: ='WCAG - IT Experts'!K33/COUNT('WCAG - IT Experts'!$C33:$G33) -> 0.4 | H46: ='WCAG - IT Experts'!L33 -> 0 | I46: ='WCAG - IT Experts'!L33/COUNT('WCAG - IT Experts'!$C33:$G33) -> 0 | J46: ='WCAG - IT Experts'!M33 -> 0 | K46: ='WCAG - IT Experts'!M33/COUNT('WCAG - IT Experts'!$C33:$G33) -> 0 | L46: ='WCAG - IT Experts'!H33 -> 3.6 | M46: =IF('WCAG - IT Experts'!H33>='Scoring Rubrics'!$A$78,'Scoring Rubrics'!$C$78,IF('WCAG - IT Experts'!H33>='Scoring Rubrics'!$A$79,'Scoring Rubrics'!$C$79,IF('WCAG - IT Experts'!H33>='Scoring Rubrics'!$A$80,'Scoring Rubrics'!$C$80,IF('WCAG - IT Experts'!H33>='Scoring Rubrics'!$A$81,'Scoring Rubrics'!$C$81,'Scoring Rubrics'!$C$82)))) -> Accessible
A47: The system maintains stable functionality under varied operating conditions (e.g., switching between Wi-Fi and mobile data). | B47: ='WCAG - IT Experts'!I34 -> 1 | C47: ='WCAG - IT Experts'!I34/COUNT('WCAG - IT Experts'!$C34:$G34) -> 0.2 | D47: ='WCAG - IT Experts'!J34 -> 3 | E47: ='WCAG - IT Experts'!J34/COUNT('WCAG - IT Experts'!$C34:$G34) -> 0.6 | F47: ='WCAG - IT Experts'!K34 -> 1 | G47: ='WCAG - IT Experts'!K34/COUNT('WCAG - IT Experts'!$C34:$G34) -> 0.2 | H47: ='WCAG - IT Experts'!L34 -> 0 | I47: ='WCAG - IT Experts'!L34/COUNT('WCAG - IT Experts'!$C34:$G34) -> 0 | J47: ='WCAG - IT Experts'!M34 -> 0 | K47: ='WCAG - IT Experts'!M34/COUNT('WCAG - IT Experts'!$C34:$G34) -> 0 | L47: ='WCAG - IT Experts'!H34 -> 4 | M47: =IF('WCAG - IT Experts'!H34>='Scoring Rubrics'!$A$78,'Scoring Rubrics'!$C$78,IF('WCAG - IT Experts'!H34>='Scoring Rubrics'!$A$79,'Scoring Rubrics'!$C$79,IF('WCAG - IT Experts'!H34>='Scoring Rubrics'!$A$80,'Scoring Rubrics'!$C$80,IF('WCAG - IT Experts'!H34>='Scoring Rubrics'!$A$81,'Scoring Rubrics'!$C$81,'Scoring Rubrics'!$C$82)))) -> Accessible
A48: The application text and interface controls can be properly read aloud by built-in mobile screen readers (e.g., Android TalkBack, iOS VoiceOver). | B48: ='WCAG - IT Experts'!I35 -> 1 | C48: ='WCAG - IT Experts'!I35/COUNT('WCAG - IT Experts'!$C35:$G35) -> 0.2 | D48: ='WCAG - IT Experts'!J35 -> 4 | E48: ='WCAG - IT Experts'!J35/COUNT('WCAG - IT Experts'!$C35:$G35) -> 0.8 | F48: ='WCAG - IT Experts'!K35 -> 0 | G48: ='WCAG - IT Experts'!K35/COUNT('WCAG - IT Experts'!$C35:$G35) -> 0 | H48: ='WCAG - IT Experts'!L35 -> 0 | I48: ='WCAG - IT Experts'!L35/COUNT('WCAG - IT Experts'!$C35:$G35) -> 0 | J48: ='WCAG - IT Experts'!M35 -> 0 | K48: ='WCAG - IT Experts'!M35/COUNT('WCAG - IT Experts'!$C35:$G35) -> 0 | L48: ='WCAG - IT Experts'!H35 -> 4.2 | M48: =IF('WCAG - IT Experts'!H35>='Scoring Rubrics'!$A$78,'Scoring Rubrics'!$C$78,IF('WCAG - IT Experts'!H35>='Scoring Rubrics'!$A$79,'Scoring Rubrics'!$C$79,IF('WCAG - IT Experts'!H35>='Scoring Rubrics'!$A$80,'Scoring Rubrics'!$C$80,IF('WCAG - IT Experts'!H35>='Scoring Rubrics'!$A$81,'Scoring Rubrics'!$C$81,'Scoring Rubrics'!$C$82)))) -> Accessible
A49: Interactive controls (such as toggles, pop-up dialogs, and navigation drawers) are properly recognized and announced by accessibility tools. | B49: ='WCAG - IT Experts'!I36 -> 2 | C49: ='WCAG - IT Experts'!I36/COUNT('WCAG - IT Experts'!$C36:$G36) -> 0.4 | D49: ='WCAG - IT Experts'!J36 -> 3 | E49: ='WCAG - IT Experts'!J36/COUNT('WCAG - IT Experts'!$C36:$G36) -> 0.6 | F49: ='WCAG - IT Experts'!K36 -> 0 | G49: ='WCAG - IT Experts'!K36/COUNT('WCAG - IT Experts'!$C36:$G36) -> 0 | H49: ='WCAG - IT Experts'!L36 -> 0 | I49: ='WCAG - IT Experts'!L36/COUNT('WCAG - IT Experts'!$C36:$G36) -> 0 | J49: ='WCAG - IT Experts'!M36 -> 0 | K49: ='WCAG - IT Experts'!M36/COUNT('WCAG - IT Experts'!$C36:$G36) -> 0 | L49: ='WCAG - IT Experts'!H36 -> 4.4 | M49: =IF('WCAG - IT Experts'!H36>='Scoring Rubrics'!$A$78,'Scoring Rubrics'!$C$78,IF('WCAG - IT Experts'!H36>='Scoring Rubrics'!$A$79,'Scoring Rubrics'!$C$79,IF('WCAG - IT Experts'!H36>='Scoring Rubrics'!$A$80,'Scoring Rubrics'!$C$80,IF('WCAG - IT Experts'!H36>='Scoring Rubrics'!$A$81,'Scoring Rubrics'!$C$81,'Scoring Rubrics'!$C$82)))) -> Highly Accessible
A50: Live status updates (such as queue changes and incoming dispatch alerts) are actively announced to users relying on accessibility features. | B50: ='WCAG - IT Experts'!I37 -> 2 | C50: ='WCAG - IT Experts'!I37/COUNT('WCAG - IT Experts'!$C37:$G37) -> 0.4 | D50: ='WCAG - IT Experts'!J37 -> 3 | E50: ='WCAG - IT Experts'!J37/COUNT('WCAG - IT Experts'!$C37:$G37) -> 0.6 | F50: ='WCAG - IT Experts'!K37 -> 0 | G50: ='WCAG - IT Experts'!K37/COUNT('WCAG - IT Experts'!$C37:$G37) -> 0 | H50: ='WCAG - IT Experts'!L37 -> 0 | I50: ='WCAG - IT Experts'!L37/COUNT('WCAG - IT Experts'!$C37:$G37) -> 0 | J50: ='WCAG - IT Experts'!M37 -> 0 | K50: ='WCAG - IT Experts'!M37/COUNT('WCAG - IT Experts'!$C37:$G37) -> 0 | L50: ='WCAG - IT Experts'!H37 -> 4.4 | M50: =IF('WCAG - IT Experts'!H37>='Scoring Rubrics'!$A$78,'Scoring Rubrics'!$C$78,IF('WCAG - IT Experts'!H37>='Scoring Rubrics'!$A$79,'Scoring Rubrics'!$C$79,IF('WCAG - IT Experts'!H37>='Scoring Rubrics'!$A$80,'Scoring Rubrics'!$C$80,IF('WCAG - IT Experts'!H37>='Scoring Rubrics'!$A$81,'Scoring Rubrics'!$C$81,'Scoring Rubrics'!$C$82)))) -> Highly Accessible
A51: Category Weighted Mean | L51: ='WCAG - IT Experts'!H38 -> 4.1 | M51: =IF('WCAG - IT Experts'!H38>='Scoring Rubrics'!$A$78,'Scoring Rubrics'!$C$78,IF('WCAG - IT Experts'!H38>='Scoring Rubrics'!$A$79,'Scoring Rubrics'!$C$79,IF('WCAG - IT Experts'!H38>='Scoring Rubrics'!$A$80,'Scoring Rubrics'!$C$80,IF('WCAG - IT Experts'!H38>='Scoring Rubrics'!$A$81,'Scoring Rubrics'!$C$81,'Scoring Rubrics'!$C$82)))) -> Accessible
A52: Note. n = 5. Weighted mean = Σ(f × rating) ÷ n. Scale and interpretation: 4.21–5.00 = Highly Accessible (HA); 3.41–4.20 = Accessible (A); 2.61–3.40 = Moderately Accessible (MA); 1.81–2.60 = Slightly Accessible (SlA); 1.00–1.80 = Not Accessible (NA).
A55: Table 5
A56: Summary of Weighted Means on the WCAG Principles as Rated by IT Experts (N = 5)
A57: Criterion | B57: Weighted Mean | D57: Interpretation
A58: Perceivable | B58: ='WCAG - IT Experts'!H10 -> 4.1333333 | D58: =IF('WCAG - IT Experts'!H10>='Scoring Rubrics'!$A$78,'Scoring Rubrics'!$C$78,IF('WCAG - IT Experts'!H10>='Scoring Rubrics'!$A$79,'Scoring Rubrics'!$C$79,IF('WCAG - IT Experts'!H10>='Scoring Rubrics'!$A$80,'Scoring Rubrics'!$C$80,IF('WCAG - IT Experts'!H10>='Scoring Rubrics'!$A$81,'Scoring Rubrics'!$C$81,'Scoring Rubrics'!$C$82)))) -> Accessible
A59: Operable | B59: ='WCAG - IT Experts'!H17 -> 3.85 | D59: =IF('WCAG - IT Experts'!H17>='Scoring Rubrics'!$A$78,'Scoring Rubrics'!$C$78,IF('WCAG - IT Experts'!H17>='Scoring Rubrics'!$A$79,'Scoring Rubrics'!$C$79,IF('WCAG - IT Experts'!H17>='Scoring Rubrics'!$A$80,'Scoring Rubrics'!$C$80,IF('WCAG - IT Experts'!H17>='Scoring Rubrics'!$A$81,'Scoring Rubrics'!$C$81,'Scoring Rubrics'!$C$82)))) -> Accessible
A60: Understandable | B60: ='WCAG - IT Experts'!H29 -> 4.5333333 | D60: =IF('WCAG - IT Experts'!H29>='Scoring Rubrics'!$A$78,'Scoring Rubrics'!$C$78,IF('WCAG - IT Experts'!H29>='Scoring Rubrics'!$A$79,'Scoring Rubrics'!$C$79,IF('WCAG - IT Experts'!H29>='Scoring Rubrics'!$A$80,'Scoring Rubrics'!$C$80,IF('WCAG - IT Experts'!H29>='Scoring Rubrics'!$A$81,'Scoring Rubrics'!$C$81,'Scoring Rubrics'!$C$82)))) -> Highly Accessible
A61: Robust | B61: ='WCAG - IT Experts'!H38 -> 4.1 | D61: =IF('WCAG - IT Experts'!H38>='Scoring Rubrics'!$A$78,'Scoring Rubrics'!$C$78,IF('WCAG - IT Experts'!H38>='Scoring Rubrics'!$A$79,'Scoring Rubrics'!$C$79,IF('WCAG - IT Experts'!H38>='Scoring Rubrics'!$A$80,'Scoring Rubrics'!$C$80,IF('WCAG - IT Experts'!H38>='Scoring Rubrics'!$A$81,'Scoring Rubrics'!$C$81,'Scoring Rubrics'!$C$82)))) -> Accessible
A62: Overall Weighted Mean | B62: ='WCAG - IT Experts'!H40 -> 4.1541667 | D62: =IF('WCAG - IT Experts'!H40>='Scoring Rubrics'!$A$78,'Scoring Rubrics'!$C$78,IF('WCAG - IT Experts'!H40>='Scoring Rubrics'!$A$79,'Scoring Rubrics'!$C$79,IF('WCAG - IT Experts'!H40>='Scoring Rubrics'!$A$80,'Scoring Rubrics'!$C$80,IF('WCAG - IT Experts'!H40>='Scoring Rubrics'!$A$81,'Scoring Rubrics'!$C$81,'Scoring Rubrics'!$C$82)))) -> Accessible
A63: Note. n = 5. Weighted mean = Σ(f × rating) ÷ n. Scale and interpretation: 4.21–5.00 = Highly Accessible (HA); 3.41–4.20 = Accessible (A); 2.61–3.40 = Moderately Accessible (MA); 1.81–2.60 = Slightly Accessible (SlA); 1.00–1.80 = Not Accessible (NA).

Sheet WCAG - End-Users
A1: Assessment on the Accessibility of the System (WCAG) — For End-Users
A2: Scale: 5 = Highly Accessible | 4 = Accessible | 3 = Moderately Accessible | 2 = Slightly Accessible | 1 = Not Accessible
A3: Editable cells: yellow-shaded respondent score cells (R1–R30). Enter values 1–5 only. Sample data shown below. Add columns between R29 and R30 if respondents is greater than 30.
A5: Item No. | B5: Item Statement | C5: R1 | D5: R2 | E5: R3 | F5: R4 | G5: R5 | H5: R6 | I5: R7 | J5: R8 | K5: R9 | L5: R10 | M5: R11 | N5: R12 | O5: R13 | P5: R14 | Q5: R15 | R5: R16 | S5: R17 | T5: R18 | U5: R19 | V5: R20 | W5: R21 | X5: R22 | Y5: R23 | Z5: R24 | AA5: R25 | AB5: R26 | AC5: R27 | AD5: R28 | AE5: R29 | AF5: R30 | AG5: Weighted Mean | AH5: HA (5) | AI5: A (4) | AJ5: MA (3) | AK5: SlA (2) | AL5: NA (1)
A6: Perceivable — Information and user interface components must be presentable to users in ways they can perceive.
A7: 1 | B7: All icons, buttons, and non-text visual elements have clear text labels or tooltips indicating their purpose. | C7: 3 | D7: 5 | E7: 5 | F7: 5 | G7: 5 | H7: 5 | I7: 5 | J7: 5 | K7: 5 | L7: 4 | M7: 5 | N7: 5 | O7: 4 | P7: 4 | Q7: 3 | R7: 4 | S7: 4 | T7: 4 | U7: 4 | V7: 5 | W7: 5 | X7: 4 | Y7: 5 | Z7: 5 | AA7: 5 | AB7: 5 | AC7: 5 | AD7: 5 | AE7: 5 | AF7: 5 | AG7: =(5*AH7+4*AI7+3*AJ7+2*AK7+1*AL7)/SUM(AH7:AL7) -> 4.6 | AH7: =COUNTIF(C7:AF7,5) -> 20 | AI7: =COUNTIF(C7:AF7,4) -> 8 | AJ7: =COUNTIF(C7:AF7,3) -> 2 | AK7: =COUNTIF(C7:AF7,2) -> 0 | AL7: =COUNTIF(C7:AF7,1) -> 0
A8: 2 | B8: Informative graphics and interface images (e.g., terminal icons, vehicle markers) include clear, readable descriptions. | C8: 5 | D8: 5 | E8: 5 | F8: 5 | G8: 5 | H8: 5 | I8: 5 | J8: 5 | K8: 5 | L8: 3 | M8: 5 | N8: 5 | O8: 4 | P8: 5 | Q8: 4 | R8: 4 | S8: 4 | T8: 4 | U8: 4 | V8: 5 | W8: 5 | X8: 5 | Y8: 5 | Z8: 5 | AA8: 5 | AB8: 5 | AC8: 5 | AD8: 5 | AE8: 5 | AF8: 5 | AG8: =(5*AH8+4*AI8+3*AJ8+2*AK8+1*AL8)/SUM(AH8:AL8) -> 4.7333333 | AH8: =COUNTIF(C8:AF8,5) -> 23 | AI8: =COUNTIF(C8:AF8,4) -> 6 | AJ8: =COUNTIF(C8:AF8,3) -> 1 | AK8: =COUNTIF(C8:AF8,2) -> 0 | AL8: =COUNTIF(C8:AF8,1) -> 0
A9: 3 | B9: Complex visual data (such as queue lists, dispatch tables, and earnings charts) are accompanied by easy-to-read text summaries. | C9: 5 | D9: 5 | E9: 5 | F9: 5 | G9: 5 | H9: 5 | I9: 5 | J9: 5 | K9: 5 | L9: 3 | M9: 5 | N9: 5 | O9: 4 | P9: 5 | Q9: 4 | R9: 4 | S9: 4 | T9: 4 | U9: 4 | V9: 5 | W9: 5 | X9: 5 | Y9: 5 | Z9: 5 | AA9: 5 | AB9: 5 | AC9: 4 | AD9: 5 | AE9: 5 | AF9: 5 | AG9: =(5*AH9+4*AI9+3*AJ9+2*AK9+1*AL9)/SUM(AH9:AL9) -> 4.7 | AH9: =COUNTIF(C9:AF9,5) -> 22 | AI9: =COUNTIF(C9:AF9,4) -> 7 | AJ9: =COUNTIF(C9:AF9,3) -> 1 | AK9: =COUNTIF(C9:AF9,2) -> 0 | AL9: =COUNTIF(C9:AF9,1) -> 0
A10: Category Weighted Mean — Perceivable | AG10: =AVERAGE(AG7:AG9) -> 4.6777778
A12: Operable — User interface components and navigation must be operable.
A13: 4 | B13: The web application can be easily operated using touch gestures, tapping, or keyboard/hardware navigation. | C13: 5 | D13: 5 | E13: 5 | F13: 5 | G13: 5 | H13: 5 | I13: 5 | J13: 5 | K13: 5 | L13: 4 | M13: 5 | N13: 5 | O13: 5 | P13: 5 | Q13: 4 | R13: 4 | S13: 4 | T13: 3 | U13: 4 | V13: 5 | W13: 5 | X13: 5 | Y13: 5 | Z13: 5 | AA13: 5 | AB13: 5 | AC13: 4 | AD13: 5 | AE13: 5 | AF13: 5 | AG13: =(5*AH13+4*AI13+3*AJ13+2*AK13+1*AL13)/SUM(AH13:AL13) -> 4.7333333 | AH13: =COUNTIF(C13:AF13,5) -> 23 | AI13: =COUNTIF(C13:AF13,4) -> 6 | AJ13: =COUNTIF(C13:AF13,3) -> 1 | AK13: =COUNTIF(C13:AF13,2) -> 0 | AL13: =COUNTIF(C13:AF13,1) -> 0
A14: 5 | B14: The interface provides sufficient time to read alerts, review dispatch prompts, and complete actions without abrupt timeouts. | C14: 5 | D14: 5 | E14: 5 | F14: 5 | G14: 5 | H14: 5 | I14: 5 | J14: 5 | K14: 5 | L14: 3 | M14: 5 | N14: 5 | O14: 4 | P14: 5 | Q14: 3 | R14: 4 | S14: 4 | T14: 3 | U14: 4 | V14: 5 | W14: 5 | X14: 5 | Y14: 5 | Z14: 5 | AA14: 5 | AB14: 5 | AC14: 4 | AD14: 5 | AE14: 5 | AF14: 5 | AG14: =(5*AH14+4*AI14+3*AJ14+2*AK14+1*AL14)/SUM(AH14:AL14) -> 4.6333333 | AH14: =COUNTIF(C14:AF14,5) -> 22 | AI14: =COUNTIF(C14:AF14,4) -> 5 | AJ14: =COUNTIF(C14:AF14,3) -> 3 | AK14: =COUNTIF(C14:AF14,2) -> 0 | AL14: =COUNTIF(C14:AF14,1) -> 0
A15: 6 | B15: Animated or auto-refreshing interface elements (such as pulsing indicators or queue tickers) do not distract or hinder navigation. | C15: 5 | D15: 5 | E15: 5 | F15: 5 | G15: 5 | H15: 5 | I15: 5 | J15: 5 | K15: 5 | L15: 4 | M15: 5 | N15: 5 | O15: 4 | P15: 5 | Q15: 3 | R15: 4 | S15: 4 | T15: 4 | U15: 4 | V15: 5 | W15: 5 | X15: 5 | Y15: 5 | Z15: 5 | AA15: 5 | AB15: 5 | AC15: 5 | AD15: 5 | AE15: 5 | AF15: 5 | AG15: =(5*AH15+4*AI15+3*AJ15+2*AK15+1*AL15)/SUM(AH15:AL15) -> 4.7333333 | AH15: =COUNTIF(C15:AF15,5) -> 23 | AI15: =COUNTIF(C15:AF15,4) -> 6 | AJ15: =COUNTIF(C15:AF15,3) -> 1 | AK15: =COUNTIF(C15:AF15,2) -> 0 | AL15: =COUNTIF(C15:AF15,1) -> 0
A16: 7 | B16: The application avoids rapid visual flashes, bright blinking elements, or jarring animations that could cause visual strain or discomfort. | C16: 5 | D16: 5 | E16: 5 | F16: 5 | G16: 5 | H16: 5 | I16: 5 | J16: 5 | K16: 5 | L16: 5 | M16: 5 | N16: 5 | O16: 5 | P16: 4 | Q16: 5 | R16: 3 | S16: 4 | T16: 4 | U16: 4 | V16: 5 | W16: 5 | X16: 5 | Y16: 5 | Z16: 5 | AA16: 5 | AB16: 5 | AC16: 5 | AD16: 5 | AE16: 5 | AF16: 5 | AG16: =(5*AH16+4*AI16+3*AJ16+2*AK16+1*AL16)/SUM(AH16:AL16) -> 4.8 | AH16: =COUNTIF(C16:AF16,5) -> 25 | AI16: =COUNTIF(C16:AF16,4) -> 4 | AJ16: =COUNTIF(C16:AF16,3) -> 1 | AK16: =COUNTIF(C16:AF16,2) -> 0 | AL16: =COUNTIF(C16:AF16,1) -> 0
A17: Category Weighted Mean — Operable | AG17: =AVERAGE(AG13:AG16) -> 4.725
A19: Understandable — Information and the operation of the user interface must be understandable.
A20: 8 | B20: The text, announcements, and status labels (e.g., "You're Online", "In Queue", "En Route") are written in clear and simple language. | C20: 5 | D20: 5 | E20: 5 | F20: 5 | G20: 5 | H20: 5 | I20: 5 | J20: 4 | K20: 5 | L20: 5 | M20: 5 | N20: 5 | O20: 4 | P20: 4 | Q20: 3 | R20: 4 | S20: 4 | T20: 3 | U20: 4 | V20: 5 | W20: 5 | X20: 4 | Y20: 5 | Z20: 5 | AA20: 5 | AB20: 5 | AC20: 4 | AD20: 5 | AE20: 5 | AF20: 5 | AG20: =(5*AH20+4*AI20+3*AJ20+2*AK20+1*AL20)/SUM(AH20:AL20) -> 4.6 | AH20: =COUNTIF(C20:AF20,5) -> 20 | AI20: =COUNTIF(C20:AF20,4) -> 8 | AJ20: =COUNTIF(C20:AF20,3) -> 2 | AK20: =COUNTIF(C20:AF20,2) -> 0 | AL20: =COUNTIF(C20:AF20,1) -> 0
A21: 9 | B21: Instructions for booking rides, entering the terminal queue, or uploading documents are easy to follow. | C21: 5 | D21: 5 | E21: 5 | F21: 5 | G21: 5 | H21: 5 | I21: 5 | J21: 5 | K21: 5 | L21: 3 | M21: 5 | N21: 5 | O21: 4 | P21: 5 | Q21: 3 | R21: 3 | S21: 4 | T21: 3 | U21: 4 | V21: 5 | W21: 3 | X21: 5 | Y21: 5 | Z21: 3 | AA21: 5 | AB21: 5 | AC21: 4 | AD21: 5 | AE21: 4 | AF21: 5 | AG21: =(5*AH21+4*AI21+3*AJ21+2*AK21+1*AL21)/SUM(AH21:AL21) -> 4.4333333 | AH21: =COUNTIF(C21:AF21,5) -> 19 | AI21: =COUNTIF(C21:AF21,4) -> 5 | AJ21: =COUNTIF(C21:AF21,3) -> 6 | AK21: =COUNTIF(C21:AF21,2) -> 0 | AL21: =COUNTIF(C21:AF21,1) -> 0
A22: 10 | B22: Transport terms and labels (e.g., TODA, Terminal, Fare Proposal, MTOP) are appropriate and familiar to local users. | C22: 5 | D22: 5 | E22: 5 | F22: 5 | G22: 5 | H22: 5 | I22: 5 | J22: 5 | K22: 5 | L22: 5 | M22: 5 | N22: 5 | O22: 4 | P22: 5 | Q22: 2 | R22: 4 | S22: 5 | T22: 4 | U22: 4 | V22: 5 | W22: 5 | X22: 5 | Y22: 5 | Z22: 5 | AA22: 5 | AB22: 5 | AC22: 5 | AD22: 5 | AE22: 5 | AF22: 5 | AG22: =(5*AH22+4*AI22+3*AJ22+2*AK22+1*AL22)/SUM(AH22:AL22) -> 4.7666667 | AH22: =COUNTIF(C22:AF22,5) -> 25 | AI22: =COUNTIF(C22:AF22,4) -> 4 | AJ22: =COUNTIF(C22:AF22,3) -> 0 | AK22: =COUNTIF(C22:AF22,2) -> 1 | AL22: =COUNTIF(C22:AF22,1) -> 0
A23: 11 | B23: System behavior, buttons, and screen transitions are consistent across all pages and tabs. | C23: 5 | D23: 5 | E23: 5 | F23: 5 | G23: 5 | H23: 5 | I23: 5 | J23: 5 | K23: 5 | L23: 4 | M23: 5 | N23: 5 | O23: 5 | P23: 5 | Q23: 2 | R23: 4 | S23: 3 | T23: 3 | U23: 4 | V23: 5 | W23: 5 | X23: 5 | Y23: 5 | Z23: 5 | AA23: 5 | AB23: 5 | AC23: 5 | AD23: 5 | AE23: 5 | AF23: 5 | AG23: =(5*AH23+4*AI23+3*AJ23+2*AK23+1*AL23)/SUM(AH23:AL23) -> 4.6666667 | AH23: =COUNTIF(C23:AF23,5) -> 24 | AI23: =COUNTIF(C23:AF23,4) -> 3 | AJ23: =COUNTIF(C23:AF23,3) -> 2 | AK23: =COUNTIF(C23:AF23,2) -> 1 | AL23: =COUNTIF(C23:AF23,1) -> 0
A24: 12 | B24: Navigation bars, headers, map views, and color schemes remain uniform throughout the web app. | C24: 4 | D24: 5 | E24: 5 | F24: 5 | G24: 5 | H24: 5 | I24: 5 | J24: 5 | K24: 5 | L24: 4 | M24: 5 | N24: 5 | O24: 4 | P24: 5 | Q24: 3 | R24: 4 | S24: 3 | T24: 4 | U24: 5 | V24: 5 | W24: 5 | X24: 5 | Y24: 5 | Z24: 5 | AA24: 5 | AB24: 5 | AC24: 4 | AD24: 5 | AE24: 5 | AF24: 5 | AG24: =(5*AH24+4*AI24+3*AJ24+2*AK24+1*AL24)/SUM(AH24:AL24) -> 4.6666667 | AH24: =COUNTIF(C24:AF24,5) -> 22 | AI24: =COUNTIF(C24:AF24,4) -> 6 | AJ24: =COUNTIF(C24:AF24,3) -> 2 | AK24: =COUNTIF(C24:AF24,2) -> 0 | AL24: =COUNTIF(C24:AF24,1) -> 0
A25: 13 | B25: System actions (such as tapping "Confirm & Request Tricycle", "Go On Duty", or "Start Terminal Walk-In Ride") produce expected and logical results. | C25: 5 | D25: 5 | E25: 5 | F25: 5 | G25: 5 | H25: 5 | I25: 5 | J25: 5 | K25: 5 | L25: 5 | M25: 5 | N25: 5 | O25: 4 | P25: 4 | Q25: 5 | R25: 4 | S25: 4 | T25: 4 | U25: 4 | V25: 5 | W25: 5 | X25: 5 | Y25: 5 | Z25: 5 | AA25: 5 | AB25: 5 | AC25: 4 | AD25: 5 | AE25: 5 | AF25: 5 | AG25: =(5*AH25+4*AI25+3*AJ25+2*AK25+1*AL25)/SUM(AH25:AL25) -> 4.7666667 | AH25: =COUNTIF(C25:AF25,5) -> 23 | AI25: =COUNTIF(C25:AF25,4) -> 7 | AJ25: =COUNTIF(C25:AF25,3) -> 0 | AK25: =COUNTIF(C25:AF25,2) -> 0 | AL25: =COUNTIF(C25:AF25,1) -> 0
A26: 14 | B26: Input forms and fields provide clear labels and placeholders (e.g., "Pickup Address (Block & Lot)", "Destination", "Driver License Upload"). | C26: 3 | D26: 5 | E26: 4 | F26: 5 | G26: 4 | H26: 4 | I26: 4 | J26: 2 | K26: 4 | L26: 2 | M26: 4 | N26: 4 | O26: 2 | P26: 5 | Q26: 1 | R26: 1 | S26: 1 | T26: 1 | U26: 4 | V26: 1 | W26: 1 | X26: 1 | Y26: 4 | Z26: 3 | AA26: 5 | AB26: 5 | AC26: 4 | AD26: 5 | AE26: 3 | AF26: 3 | AG26: =(5*AH26+4*AI26+3*AJ26+2*AK26+1*AL26)/SUM(AH26:AL26) -> 3.1666667 | AH26: =COUNTIF(C26:AF26,5) -> 6 | AI26: =COUNTIF(C26:AF26,4) -> 10 | AJ26: =COUNTIF(C26:AF26,3) -> 4 | AK26: =COUNTIF(C26:AF26,2) -> 3 | AL26: =COUNTIF(C26:AF26,1) -> 7
A27: 15 | B27: System errors are clearly identified and explained (e.g., "Outside TODA Terminal geofence" when going on duty, or "Pickup Address Required"). | C27: 5 | D27: 5 | E27: 5 | F27: 5 | G27: 5 | H27: 5 | I27: 5 | J27: 5 | K27: 5 | L27: 4 | M27: 5 | N27: 5 | O27: 4 | P27: 5 | Q27: 4 | R27: 4 | S27: 4 | T27: 4 | U27: 5 | V27: 5 | W27: 5 | X27: 5 | Y27: 5 | Z27: 5 | AA27: 5 | AB27: 5 | AC27: 4 | AD27: 5 | AE27: 5 | AF27: 5 | AG27: =(5*AH27+4*AI27+3*AJ27+2*AK27+1*AL27)/SUM(AH27:AL27) -> 4.7666667 | AH27: =COUNTIF(C27:AF27,5) -> 23 | AI27: =COUNTIF(C27:AF27,4) -> 7 | AJ27: =COUNTIF(C27:AF27,3) -> 0 | AK27: =COUNTIF(C27:AF27,2) -> 0 | AL27: =COUNTIF(C27:AF27,1) -> 0
A28: 16 | B28: The system provides helpful suggestions to correct errors (e.g., "You need to be #1 in queue to start a terminal ride" or "Turn on device GPS location"). | C28: 5 | D28: 5 | E28: 5 | F28: 5 | G28: 5 | H28: 5 | I28: 5 | J28: 3 | K28: 5 | L28: 5 | M28: 5 | N28: 5 | O28: 3 | P28: 5 | Q28: 2 | R28: 4 | S28: 4 | T28: 4 | U28: 5 | V28: 5 | W28: 5 | X28: 5 | Y28: 5 | Z28: 5 | AA28: 5 | AB28: 5 | AC28: 4 | AD28: 5 | AE28: 5 | AF28: 5 | AG28: =(5*AH28+4*AI28+3*AJ28+2*AK28+1*AL28)/SUM(AH28:AL28) -> 4.6333333 | AH28: =COUNTIF(C28:AF28,5) -> 23 | AI28: =COUNTIF(C28:AF28,4) -> 4 | AJ28: =COUNTIF(C28:AF28,3) -> 2 | AK28: =COUNTIF(C28:AF28,2) -> 1 | AL28: =COUNTIF(C28:AF28,1) -> 0
A29: Category Weighted Mean — Understandable | AG29: =AVERAGE(AG20:AG28) -> 4.4962963
A31: Robust — Content must be robust enough to be interpreted reliably by a wide variety of user agents, including assistive technologies.
A32: 17 | B32: The web application functions reliably across different mobile devices and web browsers (e.g., Google Chrome, Safari, Samsung Internet). | C32: 5 | D32: 5 | E32: 5 | F32: 5 | G32: 5 | H32: 5 | I32: 5 | J32: 5 | K32: 5 | L32: 4 | M32: 5 | N32: 5 | O32: 5 | P32: 5 | Q32: 4 | R32: 4 | S32: 4 | T32: 4 | U32: 5 | V32: 5 | W32: 5 | X32: 5 | Y32: 5 | Z32: 5 | AA32: 5 | AB32: 5 | AC32: 4 | AD32: 5 | AE32: 5 | AF32: 5 | AG32: =(5*AH32+4*AI32+3*AJ32+2*AK32+1*AL32)/SUM(AH32:AL32) -> 4.8 | AH32: =COUNTIF(C32:AF32,5) -> 24 | AI32: =COUNTIF(C32:AF32,4) -> 6 | AJ32: =COUNTIF(C32:AF32,3) -> 0 | AK32: =COUNTIF(C32:AF32,2) -> 0 | AL32: =COUNTIF(C32:AF32,1) -> 0
A33: 18 | B33: The layout and interface display properly on various smartphone models and screen resolutions without graphical distortion. | C33: 5 | D33: 5 | E33: 5 | F33: 5 | G33: 5 | H33: 5 | I33: 5 | J33: 5 | K33: 5 | L33: 5 | M33: 5 | N33: 5 | O33: 5 | P33: 5 | Q33: 4 | R33: 4 | S33: 3 | T33: 2 | U33: 4 | V33: 5 | W33: 5 | X33: 5 | Y33: 5 | Z33: 5 | AA33: 5 | AB33: 5 | AC33: 5 | AD33: 5 | AE33: 5 | AF33: 5 | AG33: =(5*AH33+4*AI33+3*AJ33+2*AK33+1*AL33)/SUM(AH33:AL33) -> 4.7333333 | AH33: =COUNTIF(C33:AF33,5) -> 25 | AI33: =COUNTIF(C33:AF33,4) -> 3 | AJ33: =COUNTIF(C33:AF33,3) -> 1 | AK33: =COUNTIF(C33:AF33,2) -> 1 | AL33: =COUNTIF(C33:AF33,1) -> 0
A34: 19 | B34: The system maintains stable functionality under varied operating conditions (e.g., switching between Wi-Fi and mobile data). | C34: 5 | D34: 5 | E34: 5 | F34: 5 | G34: 5 | H34: 5 | I34: 5 | J34: 5 | K34: 5 | L34: 4 | M34: 5 | N34: 5 | O34: 4 | P34: 5 | Q34: 4 | R34: 4 | S34: 4 | T34: 4 | U34: 4 | V34: 5 | W34: 5 | X34: 5 | Y34: 5 | Z34: 5 | AA34: 5 | AB34: 5 | AC34: 5 | AD34: 5 | AE34: 5 | AF34: 5 | AG34: =(5*AH34+4*AI34+3*AJ34+2*AK34+1*AL34)/SUM(AH34:AL34) -> 4.7666667 | AH34: =COUNTIF(C34:AF34,5) -> 23 | AI34: =COUNTIF(C34:AF34,4) -> 7 | AJ34: =COUNTIF(C34:AF34,3) -> 0 | AK34: =COUNTIF(C34:AF34,2) -> 0 | AL34: =COUNTIF(C34:AF34,1) -> 0
A35: 20 | B35: The application text and interface controls can be properly read aloud by built-in mobile screen readers (e.g., Android TalkBack, iOS VoiceOver). | C35: 5 | D35: 5 | E35: 5 | F35: 5 | G35: 5 | H35: 5 | I35: 5 | J35: 5 | K35: 5 | L35: 3 | M35: 5 | N35: 5 | O35: 3 | P35: 5 | Q35: 3 | R35: 4 | S35: 3 | T35: 4 | U35: 5 | V35: 5 | W35: 5 | X35: 5 | Y35: 5 | Z35: 5 | AA35: 5 | AB35: 5 | AC35: 5 | AD35: 5 | AE35: 5 | AF35: 5 | AG35: =(5*AH35+4*AI35+3*AJ35+2*AK35+1*AL35)/SUM(AH35:AL35) -> 4.6666667 | AH35: =COUNTIF(C35:AF35,5) -> 24 | AI35: =COUNTIF(C35:AF35,4) -> 2 | AJ35: =COUNTIF(C35:AF35,3) -> 4 | AK35: =COUNTIF(C35:AF35,2) -> 0 | AL35: =COUNTIF(C35:AF35,1) -> 0
A36: 21 | B36: Interactive controls (such as toggles, pop-up dialogs, and navigation drawers) are properly recognized and announced by accessibility tools. | C36: 5 | D36: 5 | E36: 5 | F36: 5 | G36: 5 | H36: 5 | I36: 5 | J36: 5 | K36: 5 | L36: 3 | M36: 5 | N36: 5 | O36: 3 | P36: 5 | Q36: 3 | R36: 4 | S36: 3 | T36: 4 | U36: 5 | V36: 5 | W36: 5 | X36: 5 | Y36: 5 | Z36: 5 | AA36: 5 | AB36: 5 | AC36: 5 | AD36: 5 | AE36: 5 | AF36: 5 | AG36: =(5*AH36+4*AI36+3*AJ36+2*AK36+1*AL36)/SUM(AH36:AL36) -> 4.6666667 | AH36: =COUNTIF(C36:AF36,5) -> 24 | AI36: =COUNTIF(C36:AF36,4) -> 2 | AJ36: =COUNTIF(C36:AF36,3) -> 4 | AK36: =COUNTIF(C36:AF36,2) -> 0 | AL36: =COUNTIF(C36:AF36,1) -> 0
A37: 22 | B37: Live status updates (such as queue changes and incoming dispatch alerts) are actively announced to users relying on accessibility features. | C37: 5 | D37: 5 | E37: 5 | F37: 5 | G37: 5 | H37: 5 | I37: 5 | J37: 5 | K37: 5 | L37: 3 | M37: 5 | N37: 5 | O37: 3 | P37: 5 | Q37: 3 | R37: 4 | S37: 3 | T37: 4 | U37: 4 | V37: 5 | W37: 5 | X37: 5 | Y37: 5 | Z37: 5 | AA37: 5 | AB37: 5 | AC37: 5 | AD37: 5 | AE37: 5 | AF37: 5 | AG37: =(5*AH37+4*AI37+3*AJ37+2*AK37+1*AL37)/SUM(AH37:AL37) -> 4.6333333 | AH37: =COUNTIF(C37:AF37,5) -> 23 | AI37: =COUNTIF(C37:AF37,4) -> 3 | AJ37: =COUNTIF(C37:AF37,3) -> 4 | AK37: =COUNTIF(C37:AF37,2) -> 0 | AL37: =COUNTIF(C37:AF37,1) -> 0
A38: Category Weighted Mean — Robust | AG38: =AVERAGE(AG32:AG37) -> 4.7111111
A40: OVERALL WEIGHTED MEAN / TOTAL FREQUENCY (All Items) | AG40: =(AVERAGE(AG7:AG9)+AVERAGE(AG13:AG16)+AVERAGE(AG20:AG28)+AVERAGE(AG32:AG37))/4 -> 4.6525463 | AH40: =COUNTIF(C7:AF9,5)+COUNTIF(C13:AF16,5)+COUNTIF(C20:AF28,5)+COUNTIF(C32:AF37,5) -> 486 | AI40: =COUNTIF(C7:AF9,4)+COUNTIF(C13:AF16,4)+COUNTIF(C20:AF28,4)+COUNTIF(C32:AF37,4) -> 119 | AJ40: =COUNTIF(C7:AF9,3)+COUNTIF(C13:AF16,3)+COUNTIF(C20:AF28,3)+COUNTIF(C32:AF37,3) -> 41 | AK40: =COUNTIF(C7:AF9,2)+COUNTIF(C13:AF16,2)+COUNTIF(C20:AF28,2)+COUNTIF(C32:AF37,2) -> 7 | AL40: =COUNTIF(C7:AF9,1)+COUNTIF(C13:AF16,1)+COUNTIF(C20:AF28,1)+COUNTIF(C32:AF37,1) -> 7

Sheet APA Results - WCAG (End-Users)
A1: Table 1
A2: Perceivable — Information and user interface components must be presentable to users in ways they can perceive. (As Rated by End-Users, N = 30)
A3: Item Statement | B3: Highly Accessible (5) | D3: Accessible (4) | F3: Moderately Accessible (3) | H3: Slightly Accessible (2) | J3: Not Accessible (1) | L3: Weighted Mean | M3: Interpretation
B4: f | C4: % | D4: f | E4: % | F4: f | G4: % | H4: f | I4: % | J4: f | K4: %
A5: All icons, buttons, and non-text visual elements have clear text labels or tooltips indicating their purpose. | B5: ='WCAG - End-Users'!AH7 -> 20 | C5: ='WCAG - End-Users'!AH7/COUNT('WCAG - End-Users'!$C7:$AF7) -> 0.66666667 | D5: ='WCAG - End-Users'!AI7 -> 8 | E5: ='WCAG - End-Users'!AI7/COUNT('WCAG - End-Users'!$C7:$AF7) -> 0.26666667 | F5: ='WCAG - End-Users'!AJ7 -> 2 | G5: ='WCAG - End-Users'!AJ7/COUNT('WCAG - End-Users'!$C7:$AF7) -> 0.066666667 | H5: ='WCAG - End-Users'!AK7 -> 0 | I5: ='WCAG - End-Users'!AK7/COUNT('WCAG - End-Users'!$C7:$AF7) -> 0 | J5: ='WCAG - End-Users'!AL7 -> 0 | K5: ='WCAG - End-Users'!AL7/COUNT('WCAG - End-Users'!$C7:$AF7) -> 0 | L5: ='WCAG - End-Users'!AG7 -> 4.6 | M5: =IF('WCAG - End-Users'!AG7>='Scoring Rubrics'!$A$78,'Scoring Rubrics'!$C$78,IF('WCAG - End-Users'!AG7>='Scoring Rubrics'!$A$79,'Scoring Rubrics'!$C$79,IF('WCAG - End-Users'!AG7>='Scoring Rubrics'!$A$80,'Scoring Rubrics'!$C$80,IF('WCAG - End-Users'!AG7>='Scoring Rubrics'!$A$81,'Scoring Rubrics'!$C$81,'Scoring Rubrics'!$C$82)))) -> Highly Accessible
A6: Informative graphics and interface images (e.g., terminal icons, vehicle markers) include clear, readable descriptions. | B6: ='WCAG - End-Users'!AH8 -> 23 | C6: ='WCAG - End-Users'!AH8/COUNT('WCAG - End-Users'!$C8:$AF8) -> 0.76666667 | D6: ='WCAG - End-Users'!AI8 -> 6 | E6: ='WCAG - End-Users'!AI8/COUNT('WCAG - End-Users'!$C8:$AF8) -> 0.2 | F6: ='WCAG - End-Users'!AJ8 -> 1 | G6: ='WCAG - End-Users'!AJ8/COUNT('WCAG - End-Users'!$C8:$AF8) -> 0.033333333 | H6: ='WCAG - End-Users'!AK8 -> 0 | I6: ='WCAG - End-Users'!AK8/COUNT('WCAG - End-Users'!$C8:$AF8) -> 0 | J6: ='WCAG - End-Users'!AL8 -> 0 | K6: ='WCAG - End-Users'!AL8/COUNT('WCAG - End-Users'!$C8:$AF8) -> 0 | L6: ='WCAG - End-Users'!AG8 -> 4.7333333 | M6: =IF('WCAG - End-Users'!AG8>='Scoring Rubrics'!$A$78,'Scoring Rubrics'!$C$78,IF('WCAG - End-Users'!AG8>='Scoring Rubrics'!$A$79,'Scoring Rubrics'!$C$79,IF('WCAG - End-Users'!AG8>='Scoring Rubrics'!$A$80,'Scoring Rubrics'!$C$80,IF('WCAG - End-Users'!AG8>='Scoring Rubrics'!$A$81,'Scoring Rubrics'!$C$81,'Scoring Rubrics'!$C$82)))) -> Highly Accessible
A7: Complex visual data (such as queue lists, dispatch tables, and earnings charts) are accompanied by easy-to-read text summaries. | B7: ='WCAG - End-Users'!AH9 -> 22 | C7: ='WCAG - End-Users'!AH9/COUNT('WCAG - End-Users'!$C9:$AF9) -> 0.73333333 | D7: ='WCAG - End-Users'!AI9 -> 7 | E7: ='WCAG - End-Users'!AI9/COUNT('WCAG - End-Users'!$C9:$AF9) -> 0.23333333 | F7: ='WCAG - End-Users'!AJ9 -> 1 | G7: ='WCAG - End-Users'!AJ9/COUNT('WCAG - End-Users'!$C9:$AF9) -> 0.033333333 | H7: ='WCAG - End-Users'!AK9 -> 0 | I7: ='WCAG - End-Users'!AK9/COUNT('WCAG - End-Users'!$C9:$AF9) -> 0 | J7: ='WCAG - End-Users'!AL9 -> 0 | K7: ='WCAG - End-Users'!AL9/COUNT('WCAG - End-Users'!$C9:$AF9) -> 0 | L7: ='WCAG - End-Users'!AG9 -> 4.7 | M7: =IF('WCAG - End-Users'!AG9>='Scoring Rubrics'!$A$78,'Scoring Rubrics'!$C$78,IF('WCAG - End-Users'!AG9>='Scoring Rubrics'!$A$79,'Scoring Rubrics'!$C$79,IF('WCAG - End-Users'!AG9>='Scoring Rubrics'!$A$80,'Scoring Rubrics'!$C$80,IF('WCAG - End-Users'!AG9>='Scoring Rubrics'!$A$81,'Scoring Rubrics'!$C$81,'Scoring Rubrics'!$C$82)))) -> Highly Accessible
A8: Category Weighted Mean | L8: ='WCAG - End-Users'!AG10 -> 4.6777778 | M8: =IF('WCAG - End-Users'!AG10>='Scoring Rubrics'!$A$78,'Scoring Rubrics'!$C$78,IF('WCAG - End-Users'!AG10>='Scoring Rubrics'!$A$79,'Scoring Rubrics'!$C$79,IF('WCAG - End-Users'!AG10>='Scoring Rubrics'!$A$80,'Scoring Rubrics'!$C$80,IF('WCAG - End-Users'!AG10>='Scoring Rubrics'!$A$81,'Scoring Rubrics'!$C$81,'Scoring Rubrics'!$C$82)))) -> Highly Accessible
A9: Note. n = 30. Weighted mean = Σ(f × rating) ÷ n. Scale and interpretation: 4.21–5.00 = Highly Accessible (HA); 3.41–4.20 = Accessible (A); 2.61–3.40 = Moderately Accessible (MA); 1.81–2.60 = Slightly Accessible (SlA); 1.00–1.80 = Not Accessible (NA).
A12: Table 2
A13: Operable — User interface components and navigation must be operable. (As Rated by End-Users, N = 30)
A14: Item Statement | B14: Highly Accessible (5) | D14: Accessible (4) | F14: Moderately Accessible (3) | H14: Slightly Accessible (2) | J14: Not Accessible (1) | L14: Weighted Mean | M14: Interpretation
B15: f | C15: % | D15: f | E15: % | F15: f | G15: % | H15: f | I15: % | J15: f | K15: %
A16: The web application can be easily operated using touch gestures, tapping, or keyboard/hardware navigation. | B16: ='WCAG - End-Users'!AH13 -> 23 | C16: ='WCAG - End-Users'!AH13/COUNT('WCAG - End-Users'!$C13:$AF13) -> 0.76666667 | D16: ='WCAG - End-Users'!AI13 -> 6 | E16: ='WCAG - End-Users'!AI13/COUNT('WCAG - End-Users'!$C13:$AF13) -> 0.2 | F16: ='WCAG - End-Users'!AJ13 -> 1 | G16: ='WCAG - End-Users'!AJ13/COUNT('WCAG - End-Users'!$C13:$AF13) -> 0.033333333 | H16: ='WCAG - End-Users'!AK13 -> 0 | I16: ='WCAG - End-Users'!AK13/COUNT('WCAG - End-Users'!$C13:$AF13) -> 0 | J16: ='WCAG - End-Users'!AL13 -> 0 | K16: ='WCAG - End-Users'!AL13/COUNT('WCAG - End-Users'!$C13:$AF13) -> 0 | L16: ='WCAG - End-Users'!AG13 -> 4.7333333 | M16: =IF('WCAG - End-Users'!AG13>='Scoring Rubrics'!$A$78,'Scoring Rubrics'!$C$78,IF('WCAG - End-Users'!AG13>='Scoring Rubrics'!$A$79,'Scoring Rubrics'!$C$79,IF('WCAG - End-Users'!AG13>='Scoring Rubrics'!$A$80,'Scoring Rubrics'!$C$80,IF('WCAG - End-Users'!AG13>='Scoring Rubrics'!$A$81,'Scoring Rubrics'!$C$81,'Scoring Rubrics'!$C$82)))) -> Highly Accessible
A17: The interface provides sufficient time to read alerts, review dispatch prompts, and complete actions without abrupt timeouts. | B17: ='WCAG - End-Users'!AH14 -> 22 | C17: ='WCAG - End-Users'!AH14/COUNT('WCAG - End-Users'!$C14:$AF14) -> 0.73333333 | D17: ='WCAG - End-Users'!AI14 -> 5 | E17: ='WCAG - End-Users'!AI14/COUNT('WCAG - End-Users'!$C14:$AF14) -> 0.16666667 | F17: ='WCAG - End-Users'!AJ14 -> 3 | G17: ='WCAG - End-Users'!AJ14/COUNT('WCAG - End-Users'!$C14:$AF14) -> 0.1 | H17: ='WCAG - End-Users'!AK14 -> 0 | I17: ='WCAG - End-Users'!AK14/COUNT('WCAG - End-Users'!$C14:$AF14) -> 0 | J17: ='WCAG - End-Users'!AL14 -> 0 | K17: ='WCAG - End-Users'!AL14/COUNT('WCAG - End-Users'!$C14:$AF14) -> 0 | L17: ='WCAG - End-Users'!AG14 -> 4.6333333 | M17: =IF('WCAG - End-Users'!AG14>='Scoring Rubrics'!$A$78,'Scoring Rubrics'!$C$78,IF('WCAG - End-Users'!AG14>='Scoring Rubrics'!$A$79,'Scoring Rubrics'!$C$79,IF('WCAG - End-Users'!AG14>='Scoring Rubrics'!$A$80,'Scoring Rubrics'!$C$80,IF('WCAG - End-Users'!AG14>='Scoring Rubrics'!$A$81,'Scoring Rubrics'!$C$81,'Scoring Rubrics'!$C$82)))) -> Highly Accessible
A18: Animated or auto-refreshing interface elements (such as pulsing indicators or queue tickers) do not distract or hinder navigation. | B18: ='WCAG - End-Users'!AH15 -> 23 | C18: ='WCAG - End-Users'!AH15/COUNT('WCAG - End-Users'!$C15:$AF15) -> 0.76666667 | D18: ='WCAG - End-Users'!AI15 -> 6 | E18: ='WCAG - End-Users'!AI15/COUNT('WCAG - End-Users'!$C15:$AF15) -> 0.2 | F18: ='WCAG - End-Users'!AJ15 -> 1 | G18: ='WCAG - End-Users'!AJ15/COUNT('WCAG - End-Users'!$C15:$AF15) -> 0.033333333 | H18: ='WCAG - End-Users'!AK15 -> 0 | I18: ='WCAG - End-Users'!AK15/COUNT('WCAG - End-Users'!$C15:$AF15) -> 0 | J18: ='WCAG - End-Users'!AL15 -> 0 | K18: ='WCAG - End-Users'!AL15/COUNT('WCAG - End-Users'!$C15:$AF15) -> 0 | L18: ='WCAG - End-Users'!AG15 -> 4.7333333 | M18: =IF('WCAG - End-Users'!AG15>='Scoring Rubrics'!$A$78,'Scoring Rubrics'!$C$78,IF('WCAG - End-Users'!AG15>='Scoring Rubrics'!$A$79,'Scoring Rubrics'!$C$79,IF('WCAG - End-Users'!AG15>='Scoring Rubrics'!$A$80,'Scoring Rubrics'!$C$80,IF('WCAG - End-Users'!AG15>='Scoring Rubrics'!$A$81,'Scoring Rubrics'!$C$81,'Scoring Rubrics'!$C$82)))) -> Highly Accessible
A19: The application avoids rapid visual flashes, bright blinking elements, or jarring animations that could cause visual strain or discomfort. | B19: ='WCAG - End-Users'!AH16 -> 25 | C19: ='WCAG - End-Users'!AH16/COUNT('WCAG - End-Users'!$C16:$AF16) -> 0.83333333 | D19: ='WCAG - End-Users'!AI16 -> 4 | E19: ='WCAG - End-Users'!AI16/COUNT('WCAG - End-Users'!$C16:$AF16) -> 0.13333333 | F19: ='WCAG - End-Users'!AJ16 -> 1 | G19: ='WCAG - End-Users'!AJ16/COUNT('WCAG - End-Users'!$C16:$AF16) -> 0.033333333 | H19: ='WCAG - End-Users'!AK16 -> 0 | I19: ='WCAG - End-Users'!AK16/COUNT('WCAG - End-Users'!$C16:$AF16) -> 0 | J19: ='WCAG - End-Users'!AL16 -> 0 | K19: ='WCAG - End-Users'!AL16/COUNT('WCAG - End-Users'!$C16:$AF16) -> 0 | L19: ='WCAG - End-Users'!AG16 -> 4.8 | M19: =IF('WCAG - End-Users'!AG16>='Scoring Rubrics'!$A$78,'Scoring Rubrics'!$C$78,IF('WCAG - End-Users'!AG16>='Scoring Rubrics'!$A$79,'Scoring Rubrics'!$C$79,IF('WCAG - End-Users'!AG16>='Scoring Rubrics'!$A$80,'Scoring Rubrics'!$C$80,IF('WCAG - End-Users'!AG16>='Scoring Rubrics'!$A$81,'Scoring Rubrics'!$C$81,'Scoring Rubrics'!$C$82)))) -> Highly Accessible
A20: Category Weighted Mean | L20: ='WCAG - End-Users'!AG17 -> 4.725 | M20: =IF('WCAG - End-Users'!AG17>='Scoring Rubrics'!$A$78,'Scoring Rubrics'!$C$78,IF('WCAG - End-Users'!AG17>='Scoring Rubrics'!$A$79,'Scoring Rubrics'!$C$79,IF('WCAG - End-Users'!AG17>='Scoring Rubrics'!$A$80,'Scoring Rubrics'!$C$80,IF('WCAG - End-Users'!AG17>='Scoring Rubrics'!$A$81,'Scoring Rubrics'!$C$81,'Scoring Rubrics'!$C$82)))) -> Highly Accessible
A21: Note. n = 30. Weighted mean = Σ(f × rating) ÷ n. Scale and interpretation: 4.21–5.00 = Highly Accessible (HA); 3.41–4.20 = Accessible (A); 2.61–3.40 = Moderately Accessible (MA); 1.81–2.60 = Slightly Accessible (SlA); 1.00–1.80 = Not Accessible (NA).
A24: Table 3
A25: Understandable — Information and the operation of the user interface must be understandable. (As Rated by End-Users, N = 30)
A26: Item Statement | B26: Highly Accessible (5) | D26: Accessible (4) | F26: Moderately Accessible (3) | H26: Slightly Accessible (2) | J26: Not Accessible (1) | L26: Weighted Mean | M26: Interpretation
B27: f | C27: % | D27: f | E27: % | F27: f | G27: % | H27: f | I27: % | J27: f | K27: %
A28: The text, announcements, and status labels (e.g., "You're Online", "In Queue", "En Route") are written in clear and simple language. | B28: ='WCAG - End-Users'!AH20 -> 20 | C28: ='WCAG - End-Users'!AH20/COUNT('WCAG - End-Users'!$C20:$AF20) -> 0.66666667 | D28: ='WCAG - End-Users'!AI20 -> 8 | E28: ='WCAG - End-Users'!AI20/COUNT('WCAG - End-Users'!$C20:$AF20) -> 0.26666667 | F28: ='WCAG - End-Users'!AJ20 -> 2 | G28: ='WCAG - End-Users'!AJ20/COUNT('WCAG - End-Users'!$C20:$AF20) -> 0.066666667 | H28: ='WCAG - End-Users'!AK20 -> 0 | I28: ='WCAG - End-Users'!AK20/COUNT('WCAG - End-Users'!$C20:$AF20) -> 0 | J28: ='WCAG - End-Users'!AL20 -> 0 | K28: ='WCAG - End-Users'!AL20/COUNT('WCAG - End-Users'!$C20:$AF20) -> 0 | L28: ='WCAG - End-Users'!AG20 -> 4.6 | M28: =IF('WCAG - End-Users'!AG20>='Scoring Rubrics'!$A$78,'Scoring Rubrics'!$C$78,IF('WCAG - End-Users'!AG20>='Scoring Rubrics'!$A$79,'Scoring Rubrics'!$C$79,IF('WCAG - End-Users'!AG20>='Scoring Rubrics'!$A$80,'Scoring Rubrics'!$C$80,IF('WCAG - End-Users'!AG20>='Scoring Rubrics'!$A$81,'Scoring Rubrics'!$C$81,'Scoring Rubrics'!$C$82)))) -> Highly Accessible
A29: Instructions for booking rides, entering the terminal queue, or uploading documents are easy to follow. | B29: ='WCAG - End-Users'!AH21 -> 19 | C29: ='WCAG - End-Users'!AH21/COUNT('WCAG - End-Users'!$C21:$AF21) -> 0.63333333 | D29: ='WCAG - End-Users'!AI21 -> 5 | E29: ='WCAG - End-Users'!AI21/COUNT('WCAG - End-Users'!$C21:$AF21) -> 0.16666667 | F29: ='WCAG - End-Users'!AJ21 -> 6 | G29: ='WCAG - End-Users'!AJ21/COUNT('WCAG - End-Users'!$C21:$AF21) -> 0.2 | H29: ='WCAG - End-Users'!AK21 -> 0 | I29: ='WCAG - End-Users'!AK21/COUNT('WCAG - End-Users'!$C21:$AF21) -> 0 | J29: ='WCAG - End-Users'!AL21 -> 0 | K29: ='WCAG - End-Users'!AL21/COUNT('WCAG - End-Users'!$C21:$AF21) -> 0 | L29: ='WCAG - End-Users'!AG21 -> 4.4333333 | M29: =IF('WCAG - End-Users'!AG21>='Scoring Rubrics'!$A$78,'Scoring Rubrics'!$C$78,IF('WCAG - End-Users'!AG21>='Scoring Rubrics'!$A$79,'Scoring Rubrics'!$C$79,IF('WCAG - End-Users'!AG21>='Scoring Rubrics'!$A$80,'Scoring Rubrics'!$C$80,IF('WCAG - End-Users'!AG21>='Scoring Rubrics'!$A$81,'Scoring Rubrics'!$C$81,'Scoring Rubrics'!$C$82)))) -> Highly Accessible
A30: Transport terms and labels (e.g., TODA, Terminal, Fare Proposal, MTOP) are appropriate and familiar to local users. | B30: ='WCAG - End-Users'!AH22 -> 25 | C30: ='WCAG - End-Users'!AH22/COUNT('WCAG - End-Users'!$C22:$AF22) -> 0.83333333 | D30: ='WCAG - End-Users'!AI22 -> 4 | E30: ='WCAG - End-Users'!AI22/COUNT('WCAG - End-Users'!$C22:$AF22) -> 0.13333333 | F30: ='WCAG - End-Users'!AJ22 -> 0 | G30: ='WCAG - End-Users'!AJ22/COUNT('WCAG - End-Users'!$C22:$AF22) -> 0 | H30: ='WCAG - End-Users'!AK22 -> 1 | I30: ='WCAG - End-Users'!AK22/COUNT('WCAG - End-Users'!$C22:$AF22) -> 0.033333333 | J30: ='WCAG - End-Users'!AL22 -> 0 | K30: ='WCAG - End-Users'!AL22/COUNT('WCAG - End-Users'!$C22:$AF22) -> 0 | L30: ='WCAG - End-Users'!AG22 -> 4.7666667 | M30: =IF('WCAG - End-Users'!AG22>='Scoring Rubrics'!$A$78,'Scoring Rubrics'!$C$78,IF('WCAG - End-Users'!AG22>='Scoring Rubrics'!$A$79,'Scoring Rubrics'!$C$79,IF('WCAG - End-Users'!AG22>='Scoring Rubrics'!$A$80,'Scoring Rubrics'!$C$80,IF('WCAG - End-Users'!AG22>='Scoring Rubrics'!$A$81,'Scoring Rubrics'!$C$81,'Scoring Rubrics'!$C$82)))) -> Highly Accessible
A31: System behavior, buttons, and screen transitions are consistent across all pages and tabs. | B31: ='WCAG - End-Users'!AH23 -> 24 | C31: ='WCAG - End-Users'!AH23/COUNT('WCAG - End-Users'!$C23:$AF23) -> 0.8 | D31: ='WCAG - End-Users'!AI23 -> 3 | E31: ='WCAG - End-Users'!AI23/COUNT('WCAG - End-Users'!$C23:$AF23) -> 0.1 | F31: ='WCAG - End-Users'!AJ23 -> 2 | G31: ='WCAG - End-Users'!AJ23/COUNT('WCAG - End-Users'!$C23:$AF23) -> 0.066666667 | H31: ='WCAG - End-Users'!AK23 -> 1 | I31: ='WCAG - End-Users'!AK23/COUNT('WCAG - End-Users'!$C23:$AF23) -> 0.033333333 | J31: ='WCAG - End-Users'!AL23 -> 0 | K31: ='WCAG - End-Users'!AL23/COUNT('WCAG - End-Users'!$C23:$AF23) -> 0 | L31: ='WCAG - End-Users'!AG23 -> 4.6666667 | M31: =IF('WCAG - End-Users'!AG23>='Scoring Rubrics'!$A$78,'Scoring Rubrics'!$C$78,IF('WCAG - End-Users'!AG23>='Scoring Rubrics'!$A$79,'Scoring Rubrics'!$C$79,IF('WCAG - End-Users'!AG23>='Scoring Rubrics'!$A$80,'Scoring Rubrics'!$C$80,IF('WCAG - End-Users'!AG23>='Scoring Rubrics'!$A$81,'Scoring Rubrics'!$C$81,'Scoring Rubrics'!$C$82)))) -> Highly Accessible
A32: Navigation bars, headers, map views, and color schemes remain uniform throughout the web app. | B32: ='WCAG - End-Users'!AH24 -> 22 | C32: ='WCAG - End-Users'!AH24/COUNT('WCAG - End-Users'!$C24:$AF24) -> 0.73333333 | D32: ='WCAG - End-Users'!AI24 -> 6 | E32: ='WCAG - End-Users'!AI24/COUNT('WCAG - End-Users'!$C24:$AF24) -> 0.2 | F32: ='WCAG - End-Users'!AJ24 -> 2 | G32: ='WCAG - End-Users'!AJ24/COUNT('WCAG - End-Users'!$C24:$AF24) -> 0.066666667 | H32: ='WCAG - End-Users'!AK24 -> 0 | I32: ='WCAG - End-Users'!AK24/COUNT('WCAG - End-Users'!$C24:$AF24) -> 0 | J32: ='WCAG - End-Users'!AL24 -> 0 | K32: ='WCAG - End-Users'!AL24/COUNT('WCAG - End-Users'!$C24:$AF24) -> 0 | L32: ='WCAG - End-Users'!AG24 -> 4.6666667 | M32: =IF('WCAG - End-Users'!AG24>='Scoring Rubrics'!$A$78,'Scoring Rubrics'!$C$78,IF('WCAG - End-Users'!AG24>='Scoring Rubrics'!$A$79,'Scoring Rubrics'!$C$79,IF('WCAG - End-Users'!AG24>='Scoring Rubrics'!$A$80,'Scoring Rubrics'!$C$80,IF('WCAG - End-Users'!AG24>='Scoring Rubrics'!$A$81,'Scoring Rubrics'!$C$81,'Scoring Rubrics'!$C$82)))) -> Highly Accessible
A33: System actions (such as tapping "Confirm & Request Tricycle", "Go On Duty", or "Start Terminal Walk-In Ride") produce expected and logical results. | B33: ='WCAG - End-Users'!AH25 -> 23 | C33: ='WCAG - End-Users'!AH25/COUNT('WCAG - End-Users'!$C25:$AF25) -> 0.76666667 | D33: ='WCAG - End-Users'!AI25 -> 7 | E33: ='WCAG - End-Users'!AI25/COUNT('WCAG - End-Users'!$C25:$AF25) -> 0.23333333 | F33: ='WCAG - End-Users'!AJ25 -> 0 | G33: ='WCAG - End-Users'!AJ25/COUNT('WCAG - End-Users'!$C25:$AF25) -> 0 | H33: ='WCAG - End-Users'!AK25 -> 0 | I33: ='WCAG - End-Users'!AK25/COUNT('WCAG - End-Users'!$C25:$AF25) -> 0 | J33: ='WCAG - End-Users'!AL25 -> 0 | K33: ='WCAG - End-Users'!AL25/COUNT('WCAG - End-Users'!$C25:$AF25) -> 0 | L33: ='WCAG - End-Users'!AG25 -> 4.7666667 | M33: =IF('WCAG - End-Users'!AG25>='Scoring Rubrics'!$A$78,'Scoring Rubrics'!$C$78,IF('WCAG - End-Users'!AG25>='Scoring Rubrics'!$A$79,'Scoring Rubrics'!$C$79,IF('WCAG - End-Users'!AG25>='Scoring Rubrics'!$A$80,'Scoring Rubrics'!$C$80,IF('WCAG - End-Users'!AG25>='Scoring Rubrics'!$A$81,'Scoring Rubrics'!$C$81,'Scoring Rubrics'!$C$82)))) -> Highly Accessible
A34: Input forms and fields provide clear labels and placeholders (e.g., "Pickup Address (Block & Lot)", "Destination", "Driver License Upload"). | B34: ='WCAG - End-Users'!AH26 -> 6 | C34: ='WCAG - End-Users'!AH26/COUNT('WCAG - End-Users'!$C26:$AF26) -> 0.2 | D34: ='WCAG - End-Users'!AI26 -> 10 | E34: ='WCAG - End-Users'!AI26/COUNT('WCAG - End-Users'!$C26:$AF26) -> 0.33333333 | F34: ='WCAG - End-Users'!AJ26 -> 4 | G34: ='WCAG - End-Users'!AJ26/COUNT('WCAG - End-Users'!$C26:$AF26) -> 0.13333333 | H34: ='WCAG - End-Users'!AK26 -> 3 | I34: ='WCAG - End-Users'!AK26/COUNT('WCAG - End-Users'!$C26:$AF26) -> 0.1 | J34: ='WCAG - End-Users'!AL26 -> 7 | K34: ='WCAG - End-Users'!AL26/COUNT('WCAG - End-Users'!$C26:$AF26) -> 0.23333333 | L34: ='WCAG - End-Users'!AG26 -> 3.1666667 | M34: =IF('WCAG - End-Users'!AG26>='Scoring Rubrics'!$A$78,'Scoring Rubrics'!$C$78,IF('WCAG - End-Users'!AG26>='Scoring Rubrics'!$A$79,'Scoring Rubrics'!$C$79,IF('WCAG - End-Users'!AG26>='Scoring Rubrics'!$A$80,'Scoring Rubrics'!$C$80,IF('WCAG - End-Users'!AG26>='Scoring Rubrics'!$A$81,'Scoring Rubrics'!$C$81,'Scoring Rubrics'!$C$82)))) -> Moderately Accessible
A35: System errors are clearly identified and explained (e.g., "Outside TODA Terminal geofence" when going on duty, or "Pickup Address Required"). | B35: ='WCAG - End-Users'!AH27 -> 23 | C35: ='WCAG - End-Users'!AH27/COUNT('WCAG - End-Users'!$C27:$AF27) -> 0.76666667 | D35: ='WCAG - End-Users'!AI27 -> 7 | E35: ='WCAG - End-Users'!AI27/COUNT('WCAG - End-Users'!$C27:$AF27) -> 0.23333333 | F35: ='WCAG - End-Users'!AJ27 -> 0 | G35: ='WCAG - End-Users'!AJ27/COUNT('WCAG - End-Users'!$C27:$AF27) -> 0 | H35: ='WCAG - End-Users'!AK27 -> 0 | I35: ='WCAG - End-Users'!AK27/COUNT('WCAG - End-Users'!$C27:$AF27) -> 0 | J35: ='WCAG - End-Users'!AL27 -> 0 | K35: ='WCAG - End-Users'!AL27/COUNT('WCAG - End-Users'!$C27:$AF27) -> 0 | L35: ='WCAG - End-Users'!AG27 -> 4.7666667 | M35: =IF('WCAG - End-Users'!AG27>='Scoring Rubrics'!$A$78,'Scoring Rubrics'!$C$78,IF('WCAG - End-Users'!AG27>='Scoring Rubrics'!$A$79,'Scoring Rubrics'!$C$79,IF('WCAG - End-Users'!AG27>='Scoring Rubrics'!$A$80,'Scoring Rubrics'!$C$80,IF('WCAG - End-Users'!AG27>='Scoring Rubrics'!$A$81,'Scoring Rubrics'!$C$81,'Scoring Rubrics'!$C$82)))) -> Highly Accessible
A36: The system provides helpful suggestions to correct errors (e.g., "You need to be #1 in queue to start a terminal ride" or "Turn on device GPS location"). | B36: ='WCAG - End-Users'!AH28 -> 23 | C36: ='WCAG - End-Users'!AH28/COUNT('WCAG - End-Users'!$C28:$AF28) -> 0.76666667 | D36: ='WCAG - End-Users'!AI28 -> 4 | E36: ='WCAG - End-Users'!AI28/COUNT('WCAG - End-Users'!$C28:$AF28) -> 0.13333333 | F36: ='WCAG - End-Users'!AJ28 -> 2 | G36: ='WCAG - End-Users'!AJ28/COUNT('WCAG - End-Users'!$C28:$AF28) -> 0.066666667 | H36: ='WCAG - End-Users'!AK28 -> 1 | I36: ='WCAG - End-Users'!AK28/COUNT('WCAG - End-Users'!$C28:$AF28) -> 0.033333333 | J36: ='WCAG - End-Users'!AL28 -> 0 | K36: ='WCAG - End-Users'!AL28/COUNT('WCAG - End-Users'!$C28:$AF28) -> 0 | L36: ='WCAG - End-Users'!AG28 -> 4.6333333 | M36: =IF('WCAG - End-Users'!AG28>='Scoring Rubrics'!$A$78,'Scoring Rubrics'!$C$78,IF('WCAG - End-Users'!AG28>='Scoring Rubrics'!$A$79,'Scoring Rubrics'!$C$79,IF('WCAG - End-Users'!AG28>='Scoring Rubrics'!$A$80,'Scoring Rubrics'!$C$80,IF('WCAG - End-Users'!AG28>='Scoring Rubrics'!$A$81,'Scoring Rubrics'!$C$81,'Scoring Rubrics'!$C$82)))) -> Highly Accessible
A37: Category Weighted Mean | L37: ='WCAG - End-Users'!AG29 -> 4.4962963 | M37: =IF('WCAG - End-Users'!AG29>='Scoring Rubrics'!$A$78,'Scoring Rubrics'!$C$78,IF('WCAG - End-Users'!AG29>='Scoring Rubrics'!$A$79,'Scoring Rubrics'!$C$79,IF('WCAG - End-Users'!AG29>='Scoring Rubrics'!$A$80,'Scoring Rubrics'!$C$80,IF('WCAG - End-Users'!AG29>='Scoring Rubrics'!$A$81,'Scoring Rubrics'!$C$81,'Scoring Rubrics'!$C$82)))) -> Highly Accessible
A38: Note. n = 30. Weighted mean = Σ(f × rating) ÷ n. Scale and interpretation: 4.21–5.00 = Highly Accessible (HA); 3.41–4.20 = Accessible (A); 2.61–3.40 = Moderately Accessible (MA); 1.81–2.60 = Slightly Accessible (SlA); 1.00–1.80 = Not Accessible (NA).
A41: Table 4
A42: Robust — Content must be robust enough to be interpreted reliably by a wide variety of user agents, including assistive technologies. (As Rated by End-Users, N = 30)
A43: Item Statement | B43: Highly Accessible (5) | D43: Accessible (4) | F43: Moderately Accessible (3) | H43: Slightly Accessible (2) | J43: Not Accessible (1) | L43: Weighted Mean | M43: Interpretation
B44: f | C44: % | D44: f | E44: % | F44: f | G44: % | H44: f | I44: % | J44: f | K44: %
A45: The web application functions reliably across different mobile devices and web browsers (e.g., Google Chrome, Safari, Samsung Internet). | B45: ='WCAG - End-Users'!AH32 -> 24 | C45: ='WCAG - End-Users'!AH32/COUNT('WCAG - End-Users'!$C32:$AF32) -> 0.8 | D45: ='WCAG - End-Users'!AI32 -> 6 | E45: ='WCAG - End-Users'!AI32/COUNT('WCAG - End-Users'!$C32:$AF32) -> 0.2 | F45: ='WCAG - End-Users'!AJ32 -> 0 | G45: ='WCAG - End-Users'!AJ32/COUNT('WCAG - End-Users'!$C32:$AF32) -> 0 | H45: ='WCAG - End-Users'!AK32 -> 0 | I45: ='WCAG - End-Users'!AK32/COUNT('WCAG - End-Users'!$C32:$AF32) -> 0 | J45: ='WCAG - End-Users'!AL32 -> 0 | K45: ='WCAG - End-Users'!AL32/COUNT('WCAG - End-Users'!$C32:$AF32) -> 0 | L45: ='WCAG - End-Users'!AG32 -> 4.8 | M45: =IF('WCAG - End-Users'!AG32>='Scoring Rubrics'!$A$78,'Scoring Rubrics'!$C$78,IF('WCAG - End-Users'!AG32>='Scoring Rubrics'!$A$79,'Scoring Rubrics'!$C$79,IF('WCAG - End-Users'!AG32>='Scoring Rubrics'!$A$80,'Scoring Rubrics'!$C$80,IF('WCAG - End-Users'!AG32>='Scoring Rubrics'!$A$81,'Scoring Rubrics'!$C$81,'Scoring Rubrics'!$C$82)))) -> Highly Accessible
A46: The layout and interface display properly on various smartphone models and screen resolutions without graphical distortion. | B46: ='WCAG - End-Users'!AH33 -> 25 | C46: ='WCAG - End-Users'!AH33/COUNT('WCAG - End-Users'!$C33:$AF33) -> 0.83333333 | D46: ='WCAG - End-Users'!AI33 -> 3 | E46: ='WCAG - End-Users'!AI33/COUNT('WCAG - End-Users'!$C33:$AF33) -> 0.1 | F46: ='WCAG - End-Users'!AJ33 -> 1 | G46: ='WCAG - End-Users'!AJ33/COUNT('WCAG - End-Users'!$C33:$AF33) -> 0.033333333 | H46: ='WCAG - End-Users'!AK33 -> 1 | I46: ='WCAG - End-Users'!AK33/COUNT('WCAG - End-Users'!$C33:$AF33) -> 0.033333333 | J46: ='WCAG - End-Users'!AL33 -> 0 | K46: ='WCAG - End-Users'!AL33/COUNT('WCAG - End-Users'!$C33:$AF33) -> 0 | L46: ='WCAG - End-Users'!AG33 -> 4.7333333 | M46: =IF('WCAG - End-Users'!AG33>='Scoring Rubrics'!$A$78,'Scoring Rubrics'!$C$78,IF('WCAG - End-Users'!AG33>='Scoring Rubrics'!$A$79,'Scoring Rubrics'!$C$79,IF('WCAG - End-Users'!AG33>='Scoring Rubrics'!$A$80,'Scoring Rubrics'!$C$80,IF('WCAG - End-Users'!AG33>='Scoring Rubrics'!$A$81,'Scoring Rubrics'!$C$81,'Scoring Rubrics'!$C$82)))) -> Highly Accessible
A47: The system maintains stable functionality under varied operating conditions (e.g., switching between Wi-Fi and mobile data). | B47: ='WCAG - End-Users'!AH34 -> 23 | C47: ='WCAG - End-Users'!AH34/COUNT('WCAG - End-Users'!$C34:$AF34) -> 0.76666667 | D47: ='WCAG - End-Users'!AI34 -> 7 | E47: ='WCAG - End-Users'!AI34/COUNT('WCAG - End-Users'!$C34:$AF34) -> 0.23333333 | F47: ='WCAG - End-Users'!AJ34 -> 0 | G47: ='WCAG - End-Users'!AJ34/COUNT('WCAG - End-Users'!$C34:$AF34) -> 0 | H47: ='WCAG - End-Users'!AK34 -> 0 | I47: ='WCAG - End-Users'!AK34/COUNT('WCAG - End-Users'!$C34:$AF34) -> 0 | J47: ='WCAG - End-Users'!AL34 -> 0 | K47: ='WCAG - End-Users'!AL34/COUNT('WCAG - End-Users'!$C34:$AF34) -> 0 | L47: ='WCAG - End-Users'!AG34 -> 4.7666667 | M47: =IF('WCAG - End-Users'!AG34>='Scoring Rubrics'!$A$78,'Scoring Rubrics'!$C$78,IF('WCAG - End-Users'!AG34>='Scoring Rubrics'!$A$79,'Scoring Rubrics'!$C$79,IF('WCAG - End-Users'!AG34>='Scoring Rubrics'!$A$80,'Scoring Rubrics'!$C$80,IF('WCAG - End-Users'!AG34>='Scoring Rubrics'!$A$81,'Scoring Rubrics'!$C$81,'Scoring Rubrics'!$C$82)))) -> Highly Accessible
A48: The application text and interface controls can be properly read aloud by built-in mobile screen readers (e.g., Android TalkBack, iOS VoiceOver). | B48: ='WCAG - End-Users'!AH35 -> 24 | C48: ='WCAG - End-Users'!AH35/COUNT('WCAG - End-Users'!$C35:$AF35) -> 0.8 | D48: ='WCAG - End-Users'!AI35 -> 2 | E48: ='WCAG - End-Users'!AI35/COUNT('WCAG - End-Users'!$C35:$AF35) -> 0.066666667 | F48: ='WCAG - End-Users'!AJ35 -> 4 | G48: ='WCAG - End-Users'!AJ35/COUNT('WCAG - End-Users'!$C35:$AF35) -> 0.13333333 | H48: ='WCAG - End-Users'!AK35 -> 0 | I48: ='WCAG - End-Users'!AK35/COUNT('WCAG - End-Users'!$C35:$AF35) -> 0 | J48: ='WCAG - End-Users'!AL35 -> 0 | K48: ='WCAG - End-Users'!AL35/COUNT('WCAG - End-Users'!$C35:$AF35) -> 0 | L48: ='WCAG - End-Users'!AG35 -> 4.6666667 | M48: =IF('WCAG - End-Users'!AG35>='Scoring Rubrics'!$A$78,'Scoring Rubrics'!$C$78,IF('WCAG - End-Users'!AG35>='Scoring Rubrics'!$A$79,'Scoring Rubrics'!$C$79,IF('WCAG - End-Users'!AG35>='Scoring Rubrics'!$A$80,'Scoring Rubrics'!$C$80,IF('WCAG - End-Users'!AG35>='Scoring Rubrics'!$A$81,'Scoring Rubrics'!$C$81,'Scoring Rubrics'!$C$82)))) -> Highly Accessible
A49: Interactive controls (such as toggles, pop-up dialogs, and navigation drawers) are properly recognized and announced by accessibility tools. | B49: ='WCAG - End-Users'!AH36 -> 24 | C49: ='WCAG - End-Users'!AH36/COUNT('WCAG - End-Users'!$C36:$AF36) -> 0.8 | D49: ='WCAG - End-Users'!AI36 -> 2 | E49: ='WCAG - End-Users'!AI36/COUNT('WCAG - End-Users'!$C36:$AF36) -> 0.066666667 | F49: ='WCAG - End-Users'!AJ36 -> 4 | G49: ='WCAG - End-Users'!AJ36/COUNT('WCAG - End-Users'!$C36:$AF36) -> 0.13333333 | H49: ='WCAG - End-Users'!AK36 -> 0 | I49: ='WCAG - End-Users'!AK36/COUNT('WCAG - End-Users'!$C36:$AF36) -> 0 | J49: ='WCAG - End-Users'!AL36 -> 0 | K49: ='WCAG - End-Users'!AL36/COUNT('WCAG - End-Users'!$C36:$AF36) -> 0 | L49: ='WCAG - End-Users'!AG36 -> 4.6666667 | M49: =IF('WCAG - End-Users'!AG36>='Scoring Rubrics'!$A$78,'Scoring Rubrics'!$C$78,IF('WCAG - End-Users'!AG36>='Scoring Rubrics'!$A$79,'Scoring Rubrics'!$C$79,IF('WCAG - End-Users'!AG36>='Scoring Rubrics'!$A$80,'Scoring Rubrics'!$C$80,IF('WCAG - End-Users'!AG36>='Scoring Rubrics'!$A$81,'Scoring Rubrics'!$C$81,'Scoring Rubrics'!$C$82)))) -> Highly Accessible
A50: Live status updates (such as queue changes and incoming dispatch alerts) are actively announced to users relying on accessibility features. | B50: ='WCAG - End-Users'!AH37 -> 23 | C50: ='WCAG - End-Users'!AH37/COUNT('WCAG - End-Users'!$C37:$AF37) -> 0.76666667 | D50: ='WCAG - End-Users'!AI37 -> 3 | E50: ='WCAG - End-Users'!AI37/COUNT('WCAG - End-Users'!$C37:$AF37) -> 0.1 | F50: ='WCAG - End-Users'!AJ37 -> 4 | G50: ='WCAG - End-Users'!AJ37/COUNT('WCAG - End-Users'!$C37:$AF37) -> 0.13333333 | H50: ='WCAG - End-Users'!AK37 -> 0 | I50: ='WCAG - End-Users'!AK37/COUNT('WCAG - End-Users'!$C37:$AF37) -> 0 | J50: ='WCAG - End-Users'!AL37 -> 0 | K50: ='WCAG - End-Users'!AL37/COUNT('WCAG - End-Users'!$C37:$AF37) -> 0 | L50: ='WCAG - End-Users'!AG37 -> 4.6333333 | M50: =IF('WCAG - End-Users'!AG37>='Scoring Rubrics'!$A$78,'Scoring Rubrics'!$C$78,IF('WCAG - End-Users'!AG37>='Scoring Rubrics'!$A$79,'Scoring Rubrics'!$C$79,IF('WCAG - End-Users'!AG37>='Scoring Rubrics'!$A$80,'Scoring Rubrics'!$C$80,IF('WCAG - End-Users'!AG37>='Scoring Rubrics'!$A$81,'Scoring Rubrics'!$C$81,'Scoring Rubrics'!$C$82)))) -> Highly Accessible
A51: Category Weighted Mean | L51: ='WCAG - End-Users'!AG38 -> 4.7111111 | M51: =IF('WCAG - End-Users'!AG38>='Scoring Rubrics'!$A$78,'Scoring Rubrics'!$C$78,IF('WCAG - End-Users'!AG38>='Scoring Rubrics'!$A$79,'Scoring Rubrics'!$C$79,IF('WCAG - End-Users'!AG38>='Scoring Rubrics'!$A$80,'Scoring Rubrics'!$C$80,IF('WCAG - End-Users'!AG38>='Scoring Rubrics'!$A$81,'Scoring Rubrics'!$C$81,'Scoring Rubrics'!$C$82)))) -> Highly Accessible
A52: Note. n = 30. Weighted mean = Σ(f × rating) ÷ n. Scale and interpretation: 4.21–5.00 = Highly Accessible (HA); 3.41–4.20 = Accessible (A); 2.61–3.40 = Moderately Accessible (MA); 1.81–2.60 = Slightly Accessible (SlA); 1.00–1.80 = Not Accessible (NA).
A55: Table 5
A56: Summary of Weighted Means on the WCAG Principles as Rated by End-Users (N = 30)
A57: Criterion | B57: Weighted Mean | D57: Interpretation
A58: Perceivable | B58: ='WCAG - End-Users'!AG10 -> 4.6777778 | D58: =IF('WCAG - End-Users'!AG10>='Scoring Rubrics'!$A$78,'Scoring Rubrics'!$C$78,IF('WCAG - End-Users'!AG10>='Scoring Rubrics'!$A$79,'Scoring Rubrics'!$C$79,IF('WCAG - End-Users'!AG10>='Scoring Rubrics'!$A$80,'Scoring Rubrics'!$C$80,IF('WCAG - End-Users'!AG10>='Scoring Rubrics'!$A$81,'Scoring Rubrics'!$C$81,'Scoring Rubrics'!$C$82)))) -> Highly Accessible
A59: Operable | B59: ='WCAG - End-Users'!AG17 -> 4.725 | D59: =IF('WCAG - End-Users'!AG17>='Scoring Rubrics'!$A$78,'Scoring Rubrics'!$C$78,IF('WCAG - End-Users'!AG17>='Scoring Rubrics'!$A$79,'Scoring Rubrics'!$C$79,IF('WCAG - End-Users'!AG17>='Scoring Rubrics'!$A$80,'Scoring Rubrics'!$C$80,IF('WCAG - End-Users'!AG17>='Scoring Rubrics'!$A$81,'Scoring Rubrics'!$C$81,'Scoring Rubrics'!$C$82)))) -> Highly Accessible
A60: Understandable | B60: ='WCAG - End-Users'!AG29 -> 4.4962963 | D60: =IF('WCAG - End-Users'!AG29>='Scoring Rubrics'!$A$78,'Scoring Rubrics'!$C$78,IF('WCAG - End-Users'!AG29>='Scoring Rubrics'!$A$79,'Scoring Rubrics'!$C$79,IF('WCAG - End-Users'!AG29>='Scoring Rubrics'!$A$80,'Scoring Rubrics'!$C$80,IF('WCAG - End-Users'!AG29>='Scoring Rubrics'!$A$81,'Scoring Rubrics'!$C$81,'Scoring Rubrics'!$C$82)))) -> Highly Accessible
A61: Robust | B61: ='WCAG - End-Users'!AG38 -> 4.7111111 | D61: =IF('WCAG - End-Users'!AG38>='Scoring Rubrics'!$A$78,'Scoring Rubrics'!$C$78,IF('WCAG - End-Users'!AG38>='Scoring Rubrics'!$A$79,'Scoring Rubrics'!$C$79,IF('WCAG - End-Users'!AG38>='Scoring Rubrics'!$A$80,'Scoring Rubrics'!$C$80,IF('WCAG - End-Users'!AG38>='Scoring Rubrics'!$A$81,'Scoring Rubrics'!$C$81,'Scoring Rubrics'!$C$82)))) -> Highly Accessible
A62: Overall Weighted Mean | B62: ='WCAG - End-Users'!AG40 -> 4.6525463 | D62: =IF('WCAG - End-Users'!AG40>='Scoring Rubrics'!$A$78,'Scoring Rubrics'!$C$78,IF('WCAG - End-Users'!AG40>='Scoring Rubrics'!$A$79,'Scoring Rubrics'!$C$79,IF('WCAG - End-Users'!AG40>='Scoring Rubrics'!$A$80,'Scoring Rubrics'!$C$80,IF('WCAG - End-Users'!AG40>='Scoring Rubrics'!$A$81,'Scoring Rubrics'!$C$81,'Scoring Rubrics'!$C$82)))) -> Highly Accessible
A63: Note. n = 30. Weighted mean = Σ(f × rating) ÷ n. Scale and interpretation: 4.21–5.00 = Highly Accessible (HA); 3.41–4.20 = Accessible (A); 2.61–3.40 = Moderately Accessible (MA); 1.81–2.60 = Slightly Accessible (SlA); 1.00–1.80 = Not Accessible (NA).

Sheet SUS - End-Users
A1: System Usability Scale (SUS) — For End-Users
A2: Scale: 5 = Strongly Agree | 4 = Agree | 3 = Neutral | 2 = Disagree | 1 = Strongly Disagree
A3: Editable cells: yellow-shaded respondent score cells (R1–R30). Enter values 1–5 only. Sample data shown below. Reference: Brooke, J. (1996). SUS: A 'quick and dirty' usability scale.
A5: Item No. | B5: Item Statement | C5: R1 | D5: R2 | E5: R3 | F5: R4 | G5: R5 | H5: R6 | I5: R7 | J5: R8 | K5: R9 | L5: R10 | M5: R11 | N5: R12 | O5: R13 | P5: R14 | Q5: R15 | R5: R16 | S5: R17 | T5: R18 | U5: R19 | V5: R20 | W5: R21 | X5: R22 | Y5: R23 | Z5: R24 | AA5: R25 | AB5: R26 | AC5: R27 | AD5: R28 | AE5: R29 | AF5: R30 | AG5: Mean | AH5: SA (5) | AI5: A (4) | AJ5: N (3) | AK5: D (2) | AL5: SD (1)
A6: System Usability Scale — 10 Standard Items
A7: 1 | B7: I think that I would like to use this system frequently. | C7: 3 | D7: 2 | E7: 4 | F7: 1 | G7: 1 | H7: 5 | I7: 1 | J7: 3 | K7: 5 | L7: 1 | M7: 4 | N7: 1 | O7: 1 | P7: 2 | Q7: 1 | R7: 5 | S7: 5 | T7: 3 | U7: 2 | V7: 4 | W7: 3 | X7: 1 | Y7: 4 | Z7: 5 | AA7: 3 | AB7: 2 | AC7: 4 | AD7: 1 | AE7: 4 | AF7: 5 | AG7: =AVERAGE(C7:AF7) -> 2.8666667 | AH7: =COUNTIF(C7:AF7,5) -> 6 | AI7: =COUNTIF(C7:AF7,4) -> 6 | AJ7: =COUNTIF(C7:AF7,3) -> 5 | AK7: =COUNTIF(C7:AF7,2) -> 4 | AL7: =COUNTIF(C7:AF7,1) -> 9
A8: 2 | B8: I found the system unnecessarily complex. | C8: 5 | D8: 2 | E8: 1 | F8: 1 | G8: 4 | H8: 4 | I8: 1 | J8: 2 | K8: 1 | L8: 5 | M8: 1 | N8: 1 | O8: 2 | P8: 3 | Q8: 4 | R8: 1 | S8: 4 | T8: 3 | U8: 4 | V8: 4 | W8: 3 | X8: 3 | Y8: 4 | Z8: 5 | AA8: 4 | AB8: 4 | AC8: 3 | AD8: 3 | AE8: 2 | AF8: 1 | AG8: =AVERAGE(C8:AF8) -> 2.8333333 | AH8: =COUNTIF(C8:AF8,5) -> 3 | AI8: =COUNTIF(C8:AF8,4) -> 9 | AJ8: =COUNTIF(C8:AF8,3) -> 6 | AK8: =COUNTIF(C8:AF8,2) -> 4 | AL8: =COUNTIF(C8:AF8,1) -> 8
A9: 3 | B9: I thought the system was easy to use. | C9: 4 | D9: 1 | E9: 5 | F9: 1 | G9: 2 | H9: 5 | I9: 1 | J9: 5 | K9: 5 | L9: 4 | M9: 5 | N9: 5 | O9: 1 | P9: 2 | Q9: 2 | R9: 3 | S9: 4 | T9: 2 | U9: 3 | V9: 2 | W9: 1 | X9: 2 | Y9: 4 | Z9: 2 | AA9: 5 | AB9: 3 | AC9: 5 | AD9: 4 | AE9: 2 | AF9: 5 | AG9: =AVERAGE(C9:AF9) -> 3.1666667 | AH9: =COUNTIF(C9:AF9,5) -> 9 | AI9: =COUNTIF(C9:AF9,4) -> 5 | AJ9: =COUNTIF(C9:AF9,3) -> 3 | AK9: =COUNTIF(C9:AF9,2) -> 8 | AL9: =COUNTIF(C9:AF9,1) -> 5
A10: 4 | B10: I think that I would need the support of a technical person to be able to use this system. | C10: 1 | D10: 2 | E10: 1 | F10: 5 | G10: 2 | H10: 3 | I10: 4 | J10: 2 | K10: 5 | L10: 1 | M10: 5 | N10: 3 | O10: 5 | P10: 5 | Q10: 4 | R10: 3 | S10: 3 | T10: 4 | U10: 2 | V10: 2 | W10: 5 | X10: 3 | Y10: 1 | Z10: 5 | AA10: 2 | AB10: 3 | AC10: 2 | AD10: 4 | AE10: 5 | AF10: 2 | AG10: =AVERAGE(C10:AF10) -> 3.1333333 | AH10: =COUNTIF(C10:AF10,5) -> 8 | AI10: =COUNTIF(C10:AF10,4) -> 4 | AJ10: =COUNTIF(C10:AF10,3) -> 6 | AK10: =COUNTIF(C10:AF10,2) -> 8 | AL10: =COUNTIF(C10:AF10,1) -> 4
A11: 5 | B11: I found the various functions in this system were well integrated. | C11: 5 | D11: 3 | E11: 5 | F11: 2 | G11: 1 | H11: 5 | I11: 5 | J11: 2 | K11: 3 | L11: 1 | M11: 4 | N11: 4 | O11: 4 | P11: 1 | Q11: 5 | R11: 3 | S11: 1 | T11: 5 | U11: 5 | V11: 3 | W11: 5 | X11: 3 | Y11: 4 | Z11: 2 | AA11: 5 | AB11: 5 | AC11: 3 | AD11: 5 | AE11: 5 | AF11: 3 | AG11: =AVERAGE(C11:AF11) -> 3.5666667 | AH11: =COUNTIF(C11:AF11,5) -> 12 | AI11: =COUNTIF(C11:AF11,4) -> 4 | AJ11: =COUNTIF(C11:AF11,3) -> 7 | AK11: =COUNTIF(C11:AF11,2) -> 3 | AL11: =COUNTIF(C11:AF11,1) -> 4
A12: 6 | B12: I thought there was too much inconsistency in this system. | C12: 5 | D12: 1 | E12: 5 | F12: 1 | G12: 5 | H12: 2 | I12: 4 | J12: 5 | K12: 4 | L12: 3 | M12: 3 | N12: 4 | O12: 5 | P12: 2 | Q12: 1 | R12: 4 | S12: 5 | T12: 4 | U12: 4 | V12: 5 | W12: 3 | X12: 2 | Y12: 5 | Z12: 5 | AA12: 4 | AB12: 3 | AC12: 1 | AD12: 1 | AE12: 2 | AF12: 2 | AG12: =AVERAGE(C12:AF12) -> 3.3333333 | AH12: =COUNTIF(C12:AF12,5) -> 9 | AI12: =COUNTIF(C12:AF12,4) -> 7 | AJ12: =COUNTIF(C12:AF12,3) -> 4 | AK12: =COUNTIF(C12:AF12,2) -> 5 | AL12: =COUNTIF(C12:AF12,1) -> 5
A13: 7 | B13: I would imagine that most people would learn to use this system very quickly. | C13: 4 | D13: 5 | E13: 4 | F13: 3 | G13: 3 | H13: 2 | I13: 2 | J13: 2 | K13: 1 | L13: 5 | M13: 2 | N13: 4 | O13: 5 | P13: 4 | Q13: 4 | R13: 2 | S13: 4 | T13: 5 | U13: 2 | V13: 3 | W13: 1 | X13: 5 | Y13: 1 | Z13: 1 | AA13: 1 | AB13: 2 | AC13: 4 | AD13: 1 | AE13: 4 | AF13: 5 | AG13: =AVERAGE(C13:AF13) -> 3.0333333 | AH13: =COUNTIF(C13:AF13,5) -> 6 | AI13: =COUNTIF(C13:AF13,4) -> 8 | AJ13: =COUNTIF(C13:AF13,3) -> 3 | AK13: =COUNTIF(C13:AF13,2) -> 7 | AL13: =COUNTIF(C13:AF13,1) -> 6
A14: 8 | B14: I found the system very cumbersome to use. | C14: 3 | D14: 5 | E14: 4 | F14: 3 | G14: 4 | H14: 3 | I14: 5 | J14: 1 | K14: 1 | L14: 5 | M14: 3 | N14: 5 | O14: 1 | P14: 4 | Q14: 2 | R14: 3 | S14: 3 | T14: 1 | U14: 1 | V14: 1 | W14: 3 | X14: 2 | Y14: 4 | Z14: 4 | AA14: 1 | AB14: 1 | AC14: 2 | AD14: 5 | AE14: 4 | AF14: 3 | AG14: =AVERAGE(C14:AF14) -> 2.9 | AH14: =COUNTIF(C14:AF14,5) -> 5 | AI14: =COUNTIF(C14:AF14,4) -> 6 | AJ14: =COUNTIF(C14:AF14,3) -> 8 | AK14: =COUNTIF(C14:AF14,2) -> 3 | AL14: =COUNTIF(C14:AF14,1) -> 8
A15: 9 | B15: I felt very confident using the system. | C15: 4 | D15: 2 | E15: 3 | F15: 2 | G15: 4 | H15: 4 | I15: 1 | J15: 1 | K15: 5 | L15: 5 | M15: 5 | N15: 2 | O15: 1 | P15: 1 | Q15: 3 | R15: 2 | S15: 2 | T15: 4 | U15: 4 | V15: 1 | W15: 5 | X15: 4 | Y15: 2 | Z15: 1 | AA15: 1 | AB15: 4 | AC15: 4 | AD15: 1 | AE15: 4 | AF15: 4 | AG15: =AVERAGE(C15:AF15) -> 2.8666667 | AH15: =COUNTIF(C15:AF15,5) -> 4 | AI15: =COUNTIF(C15:AF15,4) -> 10 | AJ15: =COUNTIF(C15:AF15,3) -> 2 | AK15: =COUNTIF(C15:AF15,2) -> 6 | AL15: =COUNTIF(C15:AF15,1) -> 8
A16: 10 | B16: I needed to learn a lot of things before I could get going with this system. | C16: 3 | D16: 3 | E16: 3 | F16: 5 | G16: 4 | H16: 5 | I16: 4 | J16: 1 | K16: 1 | L16: 3 | M16: 1 | N16: 4 | O16: 4 | P16: 3 | Q16: 1 | R16: 1 | S16: 4 | T16: 2 | U16: 4 | V16: 1 | W16: 3 | X16: 5 | Y16: 5 | Z16: 2 | AA16: 4 | AB16: 1 | AC16: 3 | AD16: 2 | AE16: 1 | AF16: 2 | AG16: =AVERAGE(C16:AF16) -> 2.8333333 | AH16: =COUNTIF(C16:AF16,5) -> 4 | AI16: =COUNTIF(C16:AF16,4) -> 7 | AJ16: =COUNTIF(C16:AF16,3) -> 7 | AK16: =COUNTIF(C16:AF16,2) -> 4 | AL16: =COUNTIF(C16:AF16,1) -> 8
A18: SUS Scoring: For odd-numbered items, item score = (rating − 1). For even-numbered items, item score = (5 − rating). Sum of the 10 item scores per respondent × 2.5 = SUS score (0–100).
A19: Respondent Coded Total (0–40) | C19: =(C7-1)+(5-C8)+(C9-1)+(5-C10)+(C11-1)+(5-C12)+(C13-1)+(5-C14)+(C15-1)+(5-C16) -> 23 | D19: =(D7-1)+(5-D8)+(D9-1)+(5-D10)+(D11-1)+(5-D12)+(D13-1)+(5-D14)+(D15-1)+(5-D16) -> 20 | E19: =(E7-1)+(5-E8)+(E9-1)+(5-E10)+(E11-1)+(5-E12)+(E13-1)+(5-E14)+(E15-1)+(5-E16) -> 27 | F19: =(F7-1)+(5-F8)+(F9-1)+(5-F10)+(F11-1)+(5-F12)+(F13-1)+(5-F14)+(F15-1)+(5-F16) -> 14 | G19: =(G7-1)+(5-G8)+(G9-1)+(5-G10)+(G11-1)+(5-G12)+(G13-1)+(5-G14)+(G15-1)+(5-G16) -> 12 | H19: =(H7-1)+(5-H8)+(H9-1)+(5-H10)+(H11-1)+(5-H12)+(H13-1)+(5-H14)+(H15-1)+(5-H16) -> 24 | I19: =(I7-1)+(5-I8)+(I9-1)+(5-I10)+(I11-1)+(5-I12)+(I13-1)+(5-I14)+(I15-1)+(5-I16) -> 12 | J19: =(J7-1)+(5-J8)+(J9-1)+(5-J10)+(J11-1)+(5-J12)+(J13-1)+(5-J14)+(J15-1)+(5-J16) -> 22 | ... AF19: =(AF7-1)+(5-AF8)+(AF9-1)+(5-AF10)+(AF11-1)+(5-AF12)+(AF13-1)+(5-AF14)+(AF15-1)+(5-AF16) -> 32
A20: Respondent SUS Score (0–100) | C20: =C19*2.5 -> 57.5 | D20: =D19*2.5 -> 50 | E20: =E19*2.5 -> 67.5 | F20: =F19*2.5 -> 35 | G20: =G19*2.5 -> 30 | H20: =H19*2.5 -> 60 | I20: =I19*2.5 -> 30 | J20: =J19*2.5 -> 55 | ... AF20: =AF19*2.5 -> 80
A22: OVERALL SUS SCORE (Mean of Respondents, 0–100) | AG22: =AVERAGE(C20:AF20) -> 51.166667
A23: Acceptability / Grade / Adjective Rating | AG23: =IF(AG22>=84.1,"Acceptable — Grade A+ (Best Imaginable)",IF(AG22>=80.3,"Acceptable — Grade A (Excellent)",IF(AG22>=68,"Acceptable — Grade B/C (Good)",IF(AG22>=51,"Marginal — Grade D (OK)","Not Acceptable — Grade F (Poor)")))) -> Marginal — Grade D (OK)
A25: Note. Grade/adjective bands based on Bangor, Kortum, & Miller (2009), "Determining What Individual SUS Scores Mean," and Brooke (1996). SUS scores of 68 and above are generally considered above average.

Sheet APA Results - SUS (End-Users)
A1: Table 1
A2: System Usability Scale (SUS) Item Ratings (As Rated by End-Users, N = 30)
A3: Item Statement | B3: Strongly Agree (5) | D3: Agree (4) | F3: Neutral (3) | H3: Disagree (2) | J3: Strongly Disagree (1) | L3: Mean | M3: Verbal Description
B4: f | C4: % | D4: f | E4: % | F4: f | G4: % | H4: f | I4: % | J4: f | K4: %
A5: I think that I would like to use this system frequently. | B5: ='SUS - End-Users'!AH7 -> 6 | C5: ='SUS - End-Users'!AH7/COUNT('SUS - End-Users'!$C7:$AF7) -> 0.2 | D5: ='SUS - End-Users'!AI7 -> 6 | E5: ='SUS - End-Users'!AI7/COUNT('SUS - End-Users'!$C7:$AF7) -> 0.2 | F5: ='SUS - End-Users'!AJ7 -> 5 | G5: ='SUS - End-Users'!AJ7/COUNT('SUS - End-Users'!$C7:$AF7) -> 0.16666667 | H5: ='SUS - End-Users'!AK7 -> 4 | I5: ='SUS - End-Users'!AK7/COUNT('SUS - End-Users'!$C7:$AF7) -> 0.13333333 | J5: ='SUS - End-Users'!AL7 -> 9 | K5: ='SUS - End-Users'!AL7/COUNT('SUS - End-Users'!$C7:$AF7) -> 0.3 | L5: ='SUS - End-Users'!AG7 -> 2.8666667 | M5: =IF('SUS - End-Users'!AG7>=4.21,"Strongly Agree",IF('SUS - End-Users'!AG7>=3.41,"Agree",IF('SUS - End-Users'!AG7>=2.61,"Neutral",IF('SUS - End-Users'!AG7>=1.81,"Disagree","Strongly Disagree")))) -> Neutral
A6: I found the system unnecessarily complex. | B6: ='SUS - End-Users'!AH8 -> 3 | C6: ='SUS - End-Users'!AH8/COUNT('SUS - End-Users'!$C8:$AF8) -> 0.1 | D6: ='SUS - End-Users'!AI8 -> 9 | E6: ='SUS - End-Users'!AI8/COUNT('SUS - End-Users'!$C8:$AF8) -> 0.3 | F6: ='SUS - End-Users'!AJ8 -> 6 | G6: ='SUS - End-Users'!AJ8/COUNT('SUS - End-Users'!$C8:$AF8) -> 0.2 | H6: ='SUS - End-Users'!AK8 -> 4 | I6: ='SUS - End-Users'!AK8/COUNT('SUS - End-Users'!$C8:$AF8) -> 0.13333333 | J6: ='SUS - End-Users'!AL8 -> 8 | K6: ='SUS - End-Users'!AL8/COUNT('SUS - End-Users'!$C8:$AF8) -> 0.26666667 | L6: ='SUS - End-Users'!AG8 -> 2.8333333 | M6: =IF('SUS - End-Users'!AG8>=4.21,"Strongly Agree",IF('SUS - End-Users'!AG8>=3.41,"Agree",IF('SUS - End-Users'!AG8>=2.61,"Neutral",IF('SUS - End-Users'!AG8>=1.81,"Disagree","Strongly Disagree")))) -> Neutral
A7: I thought the system was easy to use. | B7: ='SUS - End-Users'!AH9 -> 9 | C7: ='SUS - End-Users'!AH9/COUNT('SUS - End-Users'!$C9:$AF9) -> 0.3 | D7: ='SUS - End-Users'!AI9 -> 5 | E7: ='SUS - End-Users'!AI9/COUNT('SUS - End-Users'!$C9:$AF9) -> 0.16666667 | F7: ='SUS - End-Users'!AJ9 -> 3 | G7: ='SUS - End-Users'!AJ9/COUNT('SUS - End-Users'!$C9:$AF9) -> 0.1 | H7: ='SUS - End-Users'!AK9 -> 8 | I7: ='SUS - End-Users'!AK9/COUNT('SUS - End-Users'!$C9:$AF9) -> 0.26666667 | J7: ='SUS - End-Users'!AL9 -> 5 | K7: ='SUS - End-Users'!AL9/COUNT('SUS - End-Users'!$C9:$AF9) -> 0.16666667 | L7: ='SUS - End-Users'!AG9 -> 3.1666667 | M7: =IF('SUS - End-Users'!AG9>=4.21,"Strongly Agree",IF('SUS - End-Users'!AG9>=3.41,"Agree",IF('SUS - End-Users'!AG9>=2.61,"Neutral",IF('SUS - End-Users'!AG9>=1.81,"Disagree","Strongly Disagree")))) -> Neutral
A8: I think that I would need the support of a technical person to be able to use this system. | B8: ='SUS - End-Users'!AH10 -> 8 | C8: ='SUS - End-Users'!AH10/COUNT('SUS - End-Users'!$C10:$AF10) -> 0.26666667 | D8: ='SUS - End-Users'!AI10 -> 4 | E8: ='SUS - End-Users'!AI10/COUNT('SUS - End-Users'!$C10:$AF10) -> 0.13333333 | F8: ='SUS - End-Users'!AJ10 -> 6 | G8: ='SUS - End-Users'!AJ10/COUNT('SUS - End-Users'!$C10:$AF10) -> 0.2 | H8: ='SUS - End-Users'!AK10 -> 8 | I8: ='SUS - End-Users'!AK10/COUNT('SUS - End-Users'!$C10:$AF10) -> 0.26666667 | J8: ='SUS - End-Users'!AL10 -> 4 | K8: ='SUS - End-Users'!AL10/COUNT('SUS - End-Users'!$C10:$AF10) -> 0.13333333 | L8: ='SUS - End-Users'!AG10 -> 3.1333333 | M8: =IF('SUS - End-Users'!AG10>=4.21,"Strongly Agree",IF('SUS - End-Users'!AG10>=3.41,"Agree",IF('SUS - End-Users'!AG10>=2.61,"Neutral",IF('SUS - End-Users'!AG10>=1.81,"Disagree","Strongly Disagree")))) -> Neutral
A9: I found the various functions in this system were well integrated. | B9: ='SUS - End-Users'!AH11 -> 12 | C9: ='SUS - End-Users'!AH11/COUNT('SUS - End-Users'!$C11:$AF11) -> 0.4 | D9: ='SUS - End-Users'!AI11 -> 4 | E9: ='SUS - End-Users'!AI11/COUNT('SUS - End-Users'!$C11:$AF11) -> 0.13333333 | F9: ='SUS - End-Users'!AJ11 -> 7 | G9: ='SUS - End-Users'!AJ11/COUNT('SUS - End-Users'!$C11:$AF11) -> 0.23333333 | H9: ='SUS - End-Users'!AK11 -> 3 | I9: ='SUS - End-Users'!AK11/COUNT('SUS - End-Users'!$C11:$AF11) -> 0.1 | J9: ='SUS - End-Users'!AL11 -> 4 | K9: ='SUS - End-Users'!AL11/COUNT('SUS - End-Users'!$C11:$AF11) -> 0.13333333 | L9: ='SUS - End-Users'!AG11 -> 3.5666667 | M9: =IF('SUS - End-Users'!AG11>=4.21,"Strongly Agree",IF('SUS - End-Users'!AG11>=3.41,"Agree",IF('SUS - End-Users'!AG11>=2.61,"Neutral",IF('SUS - End-Users'!AG11>=1.81,"Disagree","Strongly Disagree")))) -> Agree
A10: I thought there was too much inconsistency in this system. | B10: ='SUS - End-Users'!AH12 -> 9 | C10: ='SUS - End-Users'!AH12/COUNT('SUS - End-Users'!$C12:$AF12) -> 0.3 | D10: ='SUS - End-Users'!AI12 -> 7 | E10: ='SUS - End-Users'!AI12/COUNT('SUS - End-Users'!$C12:$AF12) -> 0.23333333 | F10: ='SUS - End-Users'!AJ12 -> 4 | G10: ='SUS - End-Users'!AJ12/COUNT('SUS - End-Users'!$C12:$AF12) -> 0.13333333 | H10: ='SUS - End-Users'!AK12 -> 5 | I10: ='SUS - End-Users'!AK12/COUNT('SUS - End-Users'!$C12:$AF12) -> 0.16666667 | J10: ='SUS - End-Users'!AL12 -> 5 | K10: ='SUS - End-Users'!AL12/COUNT('SUS - End-Users'!$C12:$AF12) -> 0.16666667 | L10: ='SUS - End-Users'!AG12 -> 3.3333333 | M10: =IF('SUS - End-Users'!AG12>=4.21,"Strongly Agree",IF('SUS - End-Users'!AG12>=3.41,"Agree",IF('SUS - End-Users'!AG12>=2.61,"Neutral",IF('SUS - End-Users'!AG12>=1.81,"Disagree","Strongly Disagree")))) -> Neutral
A11: I would imagine that most people would learn to use this system very quickly. | B11: ='SUS - End-Users'!AH13 -> 6 | C11: ='SUS - End-Users'!AH13/COUNT('SUS - End-Users'!$C13:$AF13) -> 0.2 | D11: ='SUS - End-Users'!AI13 -> 8 | E11: ='SUS - End-Users'!AI13/COUNT('SUS - End-Users'!$C13:$AF13) -> 0.26666667 | F11: ='SUS - End-Users'!AJ13 -> 3 | G11: ='SUS - End-Users'!AJ13/COUNT('SUS - End-Users'!$C13:$AF13) -> 0.1 | H11: ='SUS - End-Users'!AK13 -> 7 | I11: ='SUS - End-Users'!AK13/COUNT('SUS - End-Users'!$C13:$AF13) -> 0.23333333 | J11: ='SUS - End-Users'!AL13 -> 6 | K11: ='SUS - End-Users'!AL13/COUNT('SUS - End-Users'!$C13:$AF13) -> 0.2 | L11: ='SUS - End-Users'!AG13 -> 3.0333333 | M11: =IF('SUS - End-Users'!AG13>=4.21,"Strongly Agree",IF('SUS - End-Users'!AG13>=3.41,"Agree",IF('SUS - End-Users'!AG13>=2.61,"Neutral",IF('SUS - End-Users'!AG13>=1.81,"Disagree","Strongly Disagree")))) -> Neutral
A12: I found the system very cumbersome to use. | B12: ='SUS - End-Users'!AH14 -> 5 | C12: ='SUS - End-Users'!AH14/COUNT('SUS - End-Users'!$C14:$AF14) -> 0.16666667 | D12: ='SUS - End-Users'!AI14 -> 6 | E12: ='SUS - End-Users'!AI14/COUNT('SUS - End-Users'!$C14:$AF14) -> 0.2 | F12: ='SUS - End-Users'!AJ14 -> 8 | G12: ='SUS - End-Users'!AJ14/COUNT('SUS - End-Users'!$C14:$AF14) -> 0.26666667 | H12: ='SUS - End-Users'!AK14 -> 3 | I12: ='SUS - End-Users'!AK14/COUNT('SUS - End-Users'!$C14:$AF14) -> 0.1 | J12: ='SUS - End-Users'!AL14 -> 8 | K12: ='SUS - End-Users'!AL14/COUNT('SUS - End-Users'!$C14:$AF14) -> 0.26666667 | L12: ='SUS - End-Users'!AG14 -> 2.9 | M12: =IF('SUS - End-Users'!AG14>=4.21,"Strongly Agree",IF('SUS - End-Users'!AG14>=3.41,"Agree",IF('SUS - End-Users'!AG14>=2.61,"Neutral",IF('SUS - End-Users'!AG14>=1.81,"Disagree","Strongly Disagree")))) -> Neutral
A13: I felt very confident using the system. | B13: ='SUS - End-Users'!AH15 -> 4 | C13: ='SUS - End-Users'!AH15/COUNT('SUS - End-Users'!$C15:$AF15) -> 0.13333333 | D13: ='SUS - End-Users'!AI15 -> 10 | E13: ='SUS - End-Users'!AI15/COUNT('SUS - End-Users'!$C15:$AF15) -> 0.33333333 | F13: ='SUS - End-Users'!AJ15 -> 2 | G13: ='SUS - End-Users'!AJ15/COUNT('SUS - End-Users'!$C15:$AF15) -> 0.066666667 | H13: ='SUS - End-Users'!AK15 -> 6 | I13: ='SUS - End-Users'!AK15/COUNT('SUS - End-Users'!$C15:$AF15) -> 0.2 | J13: ='SUS - End-Users'!AL15 -> 8 | K13: ='SUS - End-Users'!AL15/COUNT('SUS - End-Users'!$C15:$AF15) -> 0.26666667 | L13: ='SUS - End-Users'!AG15 -> 2.8666667 | M13: =IF('SUS - End-Users'!AG15>=4.21,"Strongly Agree",IF('SUS - End-Users'!AG15>=3.41,"Agree",IF('SUS - End-Users'!AG15>=2.61,"Neutral",IF('SUS - End-Users'!AG15>=1.81,"Disagree","Strongly Disagree")))) -> Neutral
A14: I needed to learn a lot of things before I could get going with this system. | B14: ='SUS - End-Users'!AH16 -> 4 | C14: ='SUS - End-Users'!AH16/COUNT('SUS - End-Users'!$C16:$AF16) -> 0.13333333 | D14: ='SUS - End-Users'!AI16 -> 7 | E14: ='SUS - End-Users'!AI16/COUNT('SUS - End-Users'!$C16:$AF16) -> 0.23333333 | F14: ='SUS - End-Users'!AJ16 -> 7 | G14: ='SUS - End-Users'!AJ16/COUNT('SUS - End-Users'!$C16:$AF16) -> 0.23333333 | H14: ='SUS - End-Users'!AK16 -> 4 | I14: ='SUS - End-Users'!AK16/COUNT('SUS - End-Users'!$C16:$AF16) -> 0.13333333 | J14: ='SUS - End-Users'!AL16 -> 8 | K14: ='SUS - End-Users'!AL16/COUNT('SUS - End-Users'!$C16:$AF16) -> 0.26666667 | L14: ='SUS - End-Users'!AG16 -> 2.8333333 | M14: =IF('SUS - End-Users'!AG16>=4.21,"Strongly Agree",IF('SUS - End-Users'!AG16>=3.41,"Agree",IF('SUS - End-Users'!AG16>=2.61,"Neutral",IF('SUS - End-Users'!AG16>=1.81,"Disagree","Strongly Disagree")))) -> Neutral
A15: Note. n = 30. Raw item means use the standard agreement scale: 4.21–5.00 = Strongly Agree (SA); 3.41–4.20 = Agree (A); 2.61–3.40 = Neutral (N); 1.81–2.60 = Disagree (D); 1.00–1.80 = Strongly Disagree (SD). Item 2, 4, 6, 8, and 10 are negatively worded and are reverse-scored in the SUS score calculation below.
A18: Table 2
A19: Overall System Usability Scale (SUS) Score (As Rated by End-Users, N = 30)
A20: Measure | B20: Value | C20: Interpretation
A21: Overall SUS Score (0–100) | B21: ='SUS - End-Users'!AG22 -> 51.166667 | C21: ='SUS - End-Users'!AG23 -> Marginal — Grade D (OK)
A23: Note. SUS scores range from 0 to 100. A mean score of 68 or above is generally considered above average (Bangor, Kortum, & Miller, 2009; Brooke, 1996). Grade and adjective-rating bands follow Bangor et al. (2009), "Determining What Individual SUS Scores Mean: Adding an Adjective Rating Scale."
